claim_id,policy_id,loss_date,report_date,loss_hour,paid_amount,claimant_phone,repair_shop,days_since_inception,true_label
CLM50001,POL100004,2025-02-16,2025-02-17,19,2056.01,555-5316,Union Collision,197,honest
CLM50002,POL100007,2025-11-08,2025-11-09,13,4421.04,555-5078,Union Collision,434,honest
CLM50003,POL100018,2024-11-18,2024-11-20,18,5282.58,555-3620,Bergen Collision,264,honest
CLM50004,POL100022,2025-06-04,2025-06-08,21,4133.21,555-6126,Maple Collision,67,honest
CLM50005,POL100028,2025-05-14,2025-05-19,17,3524.2,555-9589,Fulton Collision,11,honest
CLM50006,POL100030,2025-05-20,2025-05-24,19,5711.56,555-8326,Grand Collision,224,honest
CLM50007,POL100032,2025-06-19,2025-06-23,21,9707.62,555-4256,Fulton Collision,468,honest
CLM50008,POL100035,2024-09-17,2024-09-19,10,4273.36,555-9478,Astor Collision,140,honest
CLM50009,POL100039,2025-10-14,2025-10-14,15,8838.82,555-9755,Harbor Collision,546,honest
CLM50010,POL100053,2025-02-21,2025-02-25,18,12303.51,555-4608,Harbor Collision,294,honest
CLM50011,POL100057,2024-12-12,2024-12-13,4,7284.4,555-0104,Shop E Auto Body,25,ring
CLM50012,POL100075,2025-12-18,2025-12-18,6,2359.42,555-5732,Fulton Collision,351,honest
CLM50013,POL100081,2025-03-17,2025-03-21,18,4732.78,555-7490,Fulton Collision,431,honest
CLM50014,POL100096,2025-09-10,2025-09-10,11,16961.01,555-4679,Summit Collision,155,honest
CLM50015,POL100102,2025-08-14,2025-08-14,6,3331.11,555-9075,Astor Collision,362,honest
CLM50016,POL100103,2025-12-06,2025-12-10,16,23854.42,555-9854,Fulton Collision,379,inflated
CLM50017,POL100115,2024-11-02,2024-11-03,15,10723.83,555-8739,Fulton Collision,65,honest
CLM50018,POL100116,2025-09-05,2025-09-10,21,5104.45,555-3017,Grand Collision,295,honest
CLM50019,POL100125,2025-10-20,2025-10-23,8,2586.88,555-6359,Fulton Collision,358,honest
CLM50020,POL100126,2025-03-11,2025-03-11,8,12346.48,555-8481,Maple Collision,17,honest
CLM50021,POL100144,2025-04-05,2025-04-08,7,4141.55,555-2431,Astor Collision,207,honest
CLM50022,POL100150,2025-02-22,2025-02-22,3,22222.81,555-0104,Shop E Auto Body,31,ring
CLM50023,POL100154,2025-09-14,2025-09-19,11,6915.14,555-8042,Union Collision,77,honest
CLM50024,POL100155,2025-07-22,2025-07-27,10,4147.77,555-4872,Summit Collision,328,honest
CLM50025,POL100163,2024-10-01,2024-10-02,12,7815.96,555-9680,Sunrise Collision,194,honest
CLM50026,POL100165,2025-05-10,2025-05-10,18,2504.38,555-4547,Pioneer Collision,342,honest
CLM50027,POL100177,2025-07-27,2025-07-30,6,9853.31,555-4346,Sunrise Collision,65,honest
CLM50028,POL100180,2024-11-09,2024-11-13,19,6309.36,555-5777,Union Collision,181,honest
CLM50029,POL100181,2025-10-19,2025-10-22,20,7339.57,555-3525,Summit Collision,151,honest
CLM50030,POL100186,2025-11-19,2025-11-23,10,4437.93,555-8617,Maple Collision,248,honest
CLM50031,POL100193,2024-10-08,2024-10-11,8,8677.34,555-4453,Astor Collision,11,honest
CLM50032,POL100200,2025-03-23,2025-03-23,9,1766.48,555-9598,Bergen Collision,190,honest
CLM50033,POL100201,2025-09-04,2025-09-08,20,6822.55,555-7965,Pioneer Collision,252,honest
CLM50034,POL100203,2025-08-05,2025-08-09,14,12366.93,555-2179,Sunrise Collision,224,honest
CLM50035,POL100208,2024-08-16,2024-08-17,15,8900.62,555-8811,Bergen Collision,162,honest
CLM50036,POL100229,2025-06-05,2025-06-05,9,11770.06,555-2066,Astor Collision,454,honest
CLM50037,POL100237,2025-11-28,2025-12-02,19,3380.45,555-4269,Harbor Collision,152,honest
CLM50038,POL100245,2025-10-17,2025-10-20,18,6355.61,555-7048,Sunrise Collision,165,honest
CLM50039,POL100254,2025-06-11,2025-06-15,7,4587.76,555-6982,Bergen Collision,285,honest
CLM50040,POL100258,2024-09-15,2024-09-20,9,5303.11,555-2469,Fulton Collision,3,inflated
CLM50041,POL100262,2024-12-24,2024-12-27,14,2462.43,555-3965,Maple Collision,159,honest
CLM50042,POL100263,2024-09-22,2024-09-22,4,11047.73,555-0101,Shop B Auto Body,55,ring
CLM50043,POL100264,2025-06-22,2025-06-26,15,1117.97,555-8581,Bergen Collision,1,honest
CLM50044,POL100265,2024-05-23,2024-05-24,11,10471.5,555-6397,Sunrise Collision,64,honest
CLM50045,POL100266,2025-04-28,2025-04-28,23,14837.95,555-0101,Shop B Auto Body,23,ring
CLM50046,POL100278,2025-07-22,2025-07-23,2,7531.95,555-0105,Shop F Auto Body,25,ring
CLM50047,POL100281,2025-03-19,2025-03-23,15,6563.62,555-6761,Sunrise Collision,129,honest
CLM50048,POL100288,2025-03-07,2025-03-11,12,5512.9,555-8511,Sunrise Collision,214,honest
CLM50049,POL100313,2024-09-19,2024-09-23,21,2810.43,555-5423,Summit Collision,238,honest
CLM50050,POL100315,2025-01-06,2025-01-08,18,3158.64,555-8467,Bergen Collision,146,honest
CLM50051,POL100316,2025-12-22,2025-12-27,9,7955.06,555-2854,Astor Collision,264,honest
CLM50052,POL100324,2024-03-12,2024-03-17,9,4044.8,555-7624,Pioneer Collision,52,honest
CLM50053,POL100325,2024-07-27,2024-07-29,18,11681.69,555-2694,Summit Collision,158,honest
CLM50054,POL100327,2025-11-07,2025-11-08,6,3165.1,555-7625,Astor Collision,621,honest
CLM50055,POL100329,2025-09-30,2025-10-05,19,9736.1,555-3806,Astor Collision,277,honest
CLM50056,POL100340,2025-10-20,2025-10-23,18,902.87,555-7715,Sunrise Collision,602,honest
CLM50057,POL100341,2025-12-16,2025-12-21,16,5141.05,555-3243,Pioneer Collision,209,honest
CLM50058,POL100342,2025-07-08,2025-07-09,7,13319.15,555-8698,Grand Collision,94,inflated
CLM50059,POL100343,2024-09-29,2024-10-04,13,41155.77,555-9683,Summit Collision,239,honest
CLM50060,POL100357,2025-07-23,2025-07-28,18,5712.29,555-8154,Union Collision,116,inflated
CLM50061,POL100360,2025-07-18,2025-07-19,13,5186.27,555-8657,Sunrise Collision,173,honest
CLM50062,POL100362,2025-05-10,2025-05-12,22,9005.88,555-9922,Maple Collision,143,honest
CLM50063,POL100377,2025-12-09,2025-12-14,21,2437.24,555-6426,Union Collision,171,honest
CLM50064,POL100384,2025-03-16,2025-03-16,4,5115.03,555-0102,Shop C Auto Body,42,ring
CLM50065,POL100390,2025-02-13,2025-02-16,11,4987.84,555-3963,Sunrise Collision,44,honest
CLM50066,POL100392,2025-03-27,2025-03-27,18,3998.88,555-6565,Sunrise Collision,250,honest
CLM50067,POL100411,2025-07-14,2025-07-19,13,4728.24,555-6014,Summit Collision,421,honest
CLM50068,POL100412,2025-02-08,2025-02-11,7,6191.0,555-6889,Bergen Collision,230,honest
CLM50069,POL100413,2024-10-22,2024-10-23,8,6016.07,555-6855,Astor Collision,159,honest
CLM50070,POL100416,2025-12-05,2025-12-08,14,11982.42,555-6807,Union Collision,668,honest
CLM50071,POL100437,2024-12-01,2024-12-05,21,4985.12,555-5665,Union Collision,131,honest
CLM50072,POL100443,2025-07-11,2025-07-13,16,6838.47,555-9848,Maple Collision,211,honest
CLM50073,POL100448,2025-03-09,2025-03-10,8,19408.16,555-4958,Grand Collision,181,honest
CLM50074,POL100449,2025-07-15,2025-07-15,19,3534.59,555-6897,Bergen Collision,150,honest
CLM50075,POL100458,2025-02-07,2025-02-07,3,10651.15,555-0101,Shop B Auto Body,54,ring
CLM50076,POL100476,2025-05-09,2025-05-13,8,2819.6,555-9124,Fulton Collision,438,honest
CLM50077,POL100482,2025-05-18,2025-05-23,18,5631.38,555-3258,Pioneer Collision,61,honest
CLM50078,POL100484,2025-10-05,2025-10-08,9,3169.38,555-9614,Pioneer Collision,119,honest
CLM50079,POL100492,2025-02-04,2025-02-09,20,4344.08,555-9120,Astor Collision,211,honest
CLM50080,POL100498,2024-10-26,2024-10-29,6,4214.56,555-4496,Bergen Collision,124,honest
CLM50081,POL100505,2025-11-30,2025-12-03,7,4117.59,555-3998,Sunrise Collision,586,honest
CLM50082,POL100509,2025-04-06,2025-04-07,13,3422.08,555-4881,Harbor Collision,263,honest
CLM50083,POL100515,2025-10-24,2025-10-28,22,5209.81,555-2639,Astor Collision,523,honest
CLM50084,POL100517,2025-11-17,2025-11-19,9,3172.16,555-8157,Summit Collision,200,honest
CLM50085,POL100533,2025-04-25,2025-04-30,22,2664.73,555-7591,Grand Collision,54,honest
CLM50086,POL100538,2025-04-30,2025-05-01,10,1055.15,555-2055,Maple Collision,320,honest
CLM50087,POL100540,2025-08-24,2025-08-26,15,2929.63,555-2207,Union Collision,238,honest
CLM50088,POL100550,2025-07-08,2025-07-09,14,2120.15,555-3332,Maple Collision,110,honest
CLM50089,POL100554,2025-10-07,2025-10-12,11,4842.85,555-8066,Pioneer Collision,191,honest
CLM50090,POL100557,2025-07-13,2025-07-14,8,4220.32,555-8987,Bergen Collision,152,honest
CLM50091,POL100558,2025-11-23,2025-11-28,10,11029.84,555-7305,Bergen Collision,152,honest
CLM50092,POL100573,2025-03-23,2025-03-28,8,3564.98,555-9705,Maple Collision,309,honest
CLM50093,POL100576,2024-11-21,2024-11-24,20,2104.25,555-8913,Harbor Collision,108,honest
CLM50094,POL100603,2025-12-01,2025-12-01,15,1156.39,555-8446,Union Collision,486,honest
CLM50095,POL100604,2025-12-07,2025-12-07,7,1434.37,555-3273,Fulton Collision,417,honest
CLM50096,POL100605,2025-03-28,2025-03-31,19,2708.35,555-7476,Harbor Collision,62,honest
CLM50097,POL100624,2024-06-10,2024-06-10,1,13462.23,555-0104,Shop E Auto Body,10,ring
CLM50098,POL100625,2025-12-20,2025-12-20,18,1332.29,555-5849,Harbor Collision,203,honest
CLM50099,POL100629,2025-02-25,2025-03-02,18,7208.31,555-7572,Sunrise Collision,96,honest
CLM50100,POL100639,2025-05-27,2025-06-01,14,4134.53,555-3841,Bergen Collision,252,honest
CLM50101,POL100646,2024-04-17,2024-04-17,21,8133.15,555-9604,Bergen Collision,48,honest
CLM50102,POL100658,2025-10-02,2025-10-03,19,4992.89,555-3534,Maple Collision,408,honest
CLM50103,POL100662,2025-12-25,2025-12-25,9,3640.89,555-9288,Grand Collision,407,honest
CLM50104,POL100663,2025-01-12,2025-01-16,19,5152.77,555-9151,Astor Collision,286,inflated
CLM50105,POL100665,2025-06-17,2025-06-18,13,6036.56,555-9935,Bergen Collision,263,honest
CLM50106,POL100673,2024-12-01,2024-12-05,9,5239.86,555-3466,Maple Collision,285,honest
CLM50107,POL100681,2025-12-03,2025-12-07,18,1456.75,555-7740,Astor Collision,625,honest
CLM50108,POL100700,2025-06-28,2025-07-01,12,3442.4,555-2577,Summit Collision,499,honest
CLM50109,POL100706,2025-01-29,2025-02-01,7,2274.28,555-3073,Maple Collision,11,honest
CLM50110,POL100707,2025-08-26,2025-08-30,7,3362.05,555-9353,Pioneer Collision,241,honest
CLM50111,POL100717,2024-10-29,2024-11-03,22,881.0,555-3939,Fulton Collision,201,honest
CLM50112,POL100718,2024-12-27,2024-12-27,9,4836.24,555-4939,Bergen Collision,67,honest
CLM50113,POL100723,2025-12-14,2025-12-14,17,7938.73,555-4378,Summit Collision,549,honest
CLM50114,POL100726,2025-05-31,2025-06-01,7,23185.69,555-4573,Sunrise Collision,67,honest
CLM50115,POL100736,2025-02-22,2025-02-24,22,7607.79,555-6414,Sunrise Collision,112,honest
CLM50116,POL100745,2025-01-29,2025-02-03,12,6817.6,555-3654,Sunrise Collision,128,inflated
CLM50117,POL100749,2025-10-19,2025-10-19,18,7043.89,555-6597,Fulton Collision,222,honest
CLM50118,POL100762,2024-12-28,2025-01-02,7,5192.83,555-7025,Maple Collision,130,honest
CLM50119,POL100764,2025-07-30,2025-07-30,10,1161.76,555-5520,Summit Collision,419,honest
CLM50120,POL100767,2024-11-16,2024-11-21,19,8071.35,555-5671,Grand Collision,254,honest
CLM50121,POL100773,2025-04-17,2025-04-21,14,3112.7,555-8077,Grand Collision,53,honest
CLM50122,POL100775,2024-11-17,2024-11-20,9,3246.76,555-5225,Bergen Collision,223,honest
CLM50123,POL100792,2024-08-16,2024-08-19,14,13750.51,555-7780,Maple Collision,125,honest
CLM50124,POL100794,2025-10-11,2025-10-12,7,4510.16,555-8622,Astor Collision,505,honest
CLM50125,POL100798,2025-12-01,2025-12-01,6,10568.08,555-7123,Pioneer Collision,566,inflated
CLM50126,POL100805,2025-04-05,2025-04-05,16,8342.01,555-6619,Pioneer Collision,349,honest
CLM50127,POL100818,2025-08-30,2025-09-04,12,3486.4,555-9125,Union Collision,244,honest
CLM50128,POL100820,2025-05-27,2025-05-27,17,7943.38,555-5248,Harbor Collision,281,honest
CLM50129,POL100821,2025-04-24,2025-04-25,22,8862.46,555-6654,Summit Collision,60,honest
CLM50130,POL100842,2024-07-31,2024-07-31,18,2589.93,555-7686,Maple Collision,14,honest
CLM50131,POL100849,2024-10-20,2024-10-24,9,15047.51,555-8954,Summit Collision,233,honest
CLM50132,POL100857,2025-05-25,2025-05-28,20,7693.59,555-9553,Sunrise Collision,177,honest
CLM50133,POL100880,2025-02-26,2025-03-02,18,1755.49,555-7305,Sunrise Collision,43,honest
CLM50134,POL100881,2025-09-22,2025-09-26,10,8754.31,555-3219,Union Collision,494,honest
CLM50135,POL100884,2025-06-09,2025-06-12,12,8574.31,555-4454,Union Collision,205,honest
CLM50136,POL100893,2025-05-24,2025-05-27,9,5709.34,555-4803,Summit Collision,236,inflated
CLM50137,POL100894,2025-05-08,2025-05-08,6,2156.82,555-8812,Grand Collision,17,honest
CLM50138,POL100901,2025-11-15,2025-11-16,12,8433.0,555-2613,Fulton Collision,294,honest
CLM50139,POL100907,2024-06-26,2024-06-30,14,3148.6,555-9570,Fulton Collision,49,honest
CLM50140,POL100909,2025-10-15,2025-10-16,9,5308.93,555-3910,Pioneer Collision,459,honest
CLM50141,POL100916,2025-06-11,2025-06-15,19,11020.74,555-7649,Grand Collision,504,honest
CLM50142,POL100931,2025-02-19,2025-02-19,13,10732.19,555-4243,Grand Collision,177,honest
CLM50143,POL100936,2025-03-26,2025-03-28,15,2591.08,555-2401,Summit Collision,50,honest
CLM50144,POL100950,2024-06-25,2024-06-25,17,2109.25,555-5952,Grand Collision,69,honest
CLM50145,POL100954,2025-07-18,2025-07-22,22,5719.57,555-3771,Maple Collision,375,honest
CLM50146,POL100956,2024-05-21,2024-05-21,3,31527.43,555-0101,Shop B Auto Body,52,ring
CLM50147,POL100957,2025-05-02,2025-05-02,4,6198.94,555-0105,Shop F Auto Body,29,ring
CLM50148,POL100967,2025-04-05,2025-04-08,12,6191.98,555-3691,Summit Collision,135,honest
CLM50149,POL100969,2025-09-04,2025-09-04,17,2627.52,555-5519,Grand Collision,534,honest
CLM50150,POL100970,2025-10-03,2025-10-03,17,505.7,555-5411,Maple Collision,166,honest
CLM50151,POL100974,2025-05-18,2025-05-22,15,2135.28,555-9119,Sunrise Collision,74,honest
CLM50152,POL100976,2024-08-16,2024-08-19,12,1764.33,555-4666,Union Collision,134,honest
CLM50153,POL100979,2025-10-18,2025-10-22,6,6933.3,555-2049,Harbor Collision,176,honest
CLM50154,POL100982,2025-12-08,2025-12-13,7,2656.23,555-7339,Summit Collision,195,honest
CLM50155,POL100986,2025-11-29,2025-12-01,11,1863.34,555-3163,Summit Collision,379,honest
CLM50156,POL100992,2025-11-09,2025-11-09,6,3300.58,555-3875,Astor Collision,268,honest
CLM50157,POL101001,2025-10-18,2025-10-21,18,2296.31,555-6265,Bergen Collision,242,honest
CLM50158,POL101009,2025-08-01,2025-08-04,13,9252.01,555-2021,Harbor Collision,69,honest
CLM50159,POL101015,2025-05-10,2025-05-11,10,3890.05,555-7142,Sunrise Collision,489,honest
CLM50160,POL101016,2025-07-18,2025-07-22,20,2185.6,555-3759,Harbor Collision,33,honest
CLM50161,POL101024,2025-08-09,2025-08-12,12,3773.15,555-9617,Union Collision,192,honest
CLM50162,POL101032,2025-07-20,2025-07-21,22,5040.25,555-3127,Bergen Collision,182,honest
CLM50163,POL101053,2025-11-27,2025-11-29,17,5702.53,555-6575,Sunrise Collision,562,honest
CLM50164,POL101064,2025-06-13,2025-06-13,18,11659.63,555-9755,Fulton Collision,49,inflated
CLM50165,POL101066,2024-09-18,2024-09-20,10,2913.46,555-6168,Union Collision,179,honest
CLM50166,POL101070,2025-12-22,2025-12-22,7,12037.89,555-4317,Summit Collision,344,honest
CLM50167,POL101087,2025-05-31,2025-06-05,18,1667.9,555-6392,Maple Collision,493,honest
CLM50168,POL101092,2024-09-13,2024-09-18,13,8741.68,555-3308,Maple Collision,241,honest
CLM50169,POL101093,2025-03-08,2025-03-13,12,2536.93,555-2644,Summit Collision,381,honest
CLM50170,POL101098,2024-10-20,2024-10-20,1,10386.79,555-0104,Shop E Auto Body,16,ring
CLM50171,POL101103,2025-07-01,2025-07-04,20,2057.4,555-8689,Grand Collision,315,honest
CLM50172,POL101107,2025-05-08,2025-05-12,11,736.15,555-6104,Union Collision,25,honest
CLM50173,POL101114,2025-08-29,2025-09-03,6,4125.15,555-5351,Sunrise Collision,235,honest
CLM50174,POL101115,2025-08-15,2025-08-20,15,4850.71,555-2484,Summit Collision,209,honest
CLM50175,POL101116,2024-07-06,2024-07-10,7,1970.72,555-7958,Harbor Collision,130,honest
CLM50176,POL101122,2025-11-15,2025-11-20,21,3859.31,555-2246,Bergen Collision,413,honest
CLM50177,POL101128,2024-10-02,2024-10-07,9,6479.64,555-4161,Astor Collision,170,honest
CLM50178,POL101133,2025-05-06,2025-05-10,19,3503.55,555-7803,Grand Collision,114,honest
CLM50179,POL101135,2024-12-30,2025-01-03,13,6679.84,555-9761,Bergen Collision,263,honest
CLM50180,POL101137,2025-06-30,2025-07-01,7,9160.83,555-5350,Astor Collision,87,honest
CLM50181,POL101140,2025-06-03,2025-06-04,17,8053.47,555-5074,Grand Collision,143,honest
CLM50182,POL101141,2025-05-21,2025-05-22,10,8853.1,555-2387,Sunrise Collision,277,honest
CLM50183,POL101146,2024-10-03,2024-10-03,10,10168.85,555-8611,Bergen Collision,8,honest
CLM50184,POL101180,2025-07-25,2025-07-27,12,5292.51,555-3706,Bergen Collision,246,honest
CLM50185,POL101182,2025-06-13,2025-06-14,9,4582.63,555-7645,Sunrise Collision,285,honest
CLM50186,POL101183,2024-09-27,2024-10-01,19,13648.46,555-9055,Maple Collision,10,inflated
CLM50187,POL101188,2025-02-25,2025-02-26,9,5626.91,555-6124,Astor Collision,233,honest
CLM50188,POL101193,2025-02-12,2025-02-15,20,6172.81,555-2243,Union Collision,62,honest
CLM50189,POL101198,2024-12-17,2024-12-20,8,2177.89,555-9221,Maple Collision,90,honest
CLM50190,POL101213,2025-05-09,2025-05-12,22,6780.3,555-9064,Fulton Collision,269,honest
CLM50191,POL101222,2025-10-10,2025-10-11,7,3700.28,555-9457,Summit Collision,107,honest
CLM50192,POL101223,2025-03-31,2025-04-04,21,7757.66,555-4151,Summit Collision,134,honest
CLM50193,POL101225,2025-01-15,2025-01-17,17,3727.11,555-3092,Summit Collision,98,honest
CLM50194,POL101226,2024-08-27,2024-08-27,15,5961.23,555-8430,Harbor Collision,102,honest
CLM50195,POL101227,2025-12-22,2025-12-26,7,1614.46,555-7725,Grand Collision,417,honest
CLM50196,POL101232,2024-10-22,2024-10-22,1,6916.93,555-0100,Shop A Auto Body,25,ring
CLM50197,POL101243,2025-12-01,2025-12-05,22,4761.54,555-9118,Harbor Collision,275,honest
CLM50198,POL101244,2025-05-04,2025-05-06,10,5086.21,555-2505,Maple Collision,283,honest
CLM50199,POL101257,2025-10-31,2025-11-04,11,4308.44,555-3651,Fulton Collision,460,honest
CLM50200,POL101263,2025-03-05,2025-03-06,6,1737.07,555-3387,Union Collision,356,honest
CLM50201,POL101270,2025-09-29,2025-10-03,18,1338.34,555-9023,Bergen Collision,623,honest
CLM50202,POL101278,2025-12-31,2026-01-01,15,7684.19,555-9320,Astor Collision,190,honest
CLM50203,POL101280,2025-05-13,2025-05-16,16,4345.05,555-8655,Pioneer Collision,17,honest
CLM50204,POL101294,2025-09-13,2025-09-18,9,9385.36,555-8832,Bergen Collision,570,honest
CLM50205,POL101303,2025-06-05,2025-06-10,21,3518.99,555-3663,Bergen Collision,260,honest
CLM50206,POL101304,2025-04-09,2025-04-14,16,8342.45,555-3543,Astor Collision,140,honest
CLM50207,POL101306,2025-06-06,2025-06-06,11,4836.46,555-7485,Fulton Collision,346,honest
CLM50208,POL101307,2025-11-14,2025-11-16,12,5250.37,555-2602,Bergen Collision,143,honest
CLM50209,POL101317,2025-08-08,2025-08-08,4,10665.57,555-0101,Shop B Auto Body,42,ring
CLM50210,POL101318,2024-08-13,2024-08-18,9,3563.05,555-4132,Bergen Collision,62,honest
CLM50211,POL101336,2024-07-01,2024-07-05,18,17789.28,555-6889,Union Collision,27,honest
CLM50212,POL101339,2025-01-31,2025-02-01,13,2948.19,555-3933,Bergen Collision,358,honest
CLM50213,POL101344,2025-02-18,2025-02-18,1,6735.14,555-0102,Shop C Auto Body,54,ring
CLM50214,POL101345,2024-11-30,2024-12-02,12,4393.78,555-6646,Harbor Collision,86,honest
CLM50215,POL101347,2025-04-09,2025-04-09,16,2080.26,555-2812,Bergen Collision,206,honest
CLM50216,POL101348,2025-05-24,2025-05-25,20,4014.49,555-2213,Grand Collision,253,honest
CLM50217,POL101353,2025-03-03,2025-03-04,16,3327.52,555-3792,Pioneer Collision,61,honest
CLM50218,POL101355,2025-06-26,2025-06-30,6,2156.15,555-4636,Grand Collision,122,honest
CLM50219,POL101356,2025-10-08,2025-10-13,8,10078.1,555-4132,Astor Collision,354,honest
CLM50220,POL101360,2025-03-20,2025-03-24,18,4994.36,555-5865,Harbor Collision,238,honest
CLM50221,POL101370,2025-01-14,2025-01-17,8,7359.88,555-5395,Union Collision,26,honest
CLM50222,POL101371,2024-10-14,2024-10-17,9,2403.79,555-8560,Grand Collision,182,honest
CLM50223,POL101384,2025-04-17,2025-04-21,16,1360.53,555-5645,Maple Collision,57,honest
CLM50224,POL101389,2025-08-27,2025-08-28,11,3828.94,555-4047,Maple Collision,158,honest
CLM50225,POL101391,2025-10-06,2025-10-11,9,4944.2,555-3971,Bergen Collision,406,honest
CLM50226,POL101420,2024-09-29,2024-09-29,21,3709.12,555-2253,Grand Collision,129,honest
CLM50227,POL101421,2025-07-30,2025-07-30,7,5916.26,555-2003,Summit Collision,172,honest
CLM50228,POL101425,2025-07-11,2025-07-12,17,3054.98,555-6668,Bergen Collision,90,honest
CLM50229,POL101442,2024-04-19,2024-04-23,6,5864.4,555-5726,Bergen Collision,105,honest
CLM50230,POL101443,2025-07-22,2025-07-23,14,8373.87,555-3769,Fulton Collision,22,honest
CLM50231,POL101450,2025-08-18,2025-08-18,13,1234.49,555-2264,Summit Collision,102,honest
CLM50232,POL101454,2025-07-29,2025-08-03,19,4649.33,555-9862,Fulton Collision,336,honest
CLM50233,POL101462,2025-05-03,2025-05-07,10,7432.22,555-7486,Summit Collision,407,honest
CLM50234,POL101468,2025-10-23,2025-10-28,19,1667.11,555-6209,Astor Collision,120,honest
CLM50235,POL101475,2024-12-08,2024-12-08,17,6831.15,555-6339,Grand Collision,263,honest
CLM50236,POL101477,2025-07-05,2025-07-06,22,3135.49,555-7780,Summit Collision,231,honest
CLM50237,POL101490,2025-11-30,2025-12-04,10,3602.64,555-4985,Grand Collision,533,honest
CLM50238,POL101495,2025-05-11,2025-05-11,6,7896.69,555-9673,Bergen Collision,214,honest
CLM50239,POL101497,2025-04-05,2025-04-05,23,11544.86,555-0105,Shop F Auto Body,37,ring
CLM50240,POL101499,2025-06-22,2025-06-22,2,14343.03,555-0103,Shop D Auto Body,51,ring
CLM50241,POL101509,2025-08-10,2025-08-12,9,5899.04,555-9275,Pioneer Collision,362,inflated
CLM50242,POL101513,2025-08-18,2025-08-22,10,3663.97,555-2743,Astor Collision,195,honest
CLM50243,POL101528,2025-11-11,2025-11-12,22,2843.06,555-5825,Grand Collision,458,honest
CLM50244,POL101530,2024-08-23,2024-08-25,16,3010.53,555-3182,Grand Collision,59,honest
CLM50245,POL101532,2025-01-20,2025-01-21,9,2374.92,555-7754,Grand Collision,51,honest
CLM50246,POL101534,2024-07-29,2024-08-01,21,911.02,555-4006,Fulton Collision,167,honest
CLM50247,POL101535,2025-10-25,2025-10-30,22,5508.58,555-4325,Sunrise Collision,150,inflated
CLM50248,POL101553,2025-08-14,2025-08-15,14,2149.98,555-4922,Astor Collision,188,honest
CLM50249,POL101556,2025-12-27,2025-12-27,22,3677.18,555-4175,Astor Collision,478,honest
CLM50250,POL101568,2024-12-14,2024-12-19,10,2172.92,555-2532,Union Collision,320,honest
CLM50251,POL101570,2025-11-12,2025-11-16,13,2819.84,555-8171,Bergen Collision,275,honest
CLM50252,POL101574,2025-07-25,2025-07-30,6,4259.04,555-8183,Fulton Collision,479,honest
CLM50253,POL101580,2025-09-21,2025-09-21,18,6637.16,555-3557,Pioneer Collision,306,honest
CLM50254,POL101586,2025-12-31,2026-01-03,14,6981.55,555-7720,Astor Collision,225,honest
CLM50255,POL101593,2024-06-06,2024-06-06,19,3543.68,555-5529,Harbor Collision,25,honest
CLM50256,POL101596,2024-12-30,2025-01-03,7,9551.96,555-4834,Summit Collision,15,honest
CLM50257,POL101597,2024-08-03,2024-08-04,3,7927.14,555-0100,Shop A Auto Body,54,ring
CLM50258,POL101606,2025-09-19,2025-09-19,6,1147.53,555-2072,Sunrise Collision,123,honest
CLM50259,POL101620,2025-09-09,2025-09-10,16,3157.61,555-2311,Union Collision,230,honest
CLM50260,POL101621,2025-10-26,2025-10-29,20,2281.73,555-8543,Maple Collision,377,honest
CLM50261,POL101634,2024-10-23,2024-10-25,19,4329.67,555-6944,Bergen Collision,88,honest
CLM50262,POL101638,2025-03-22,2025-03-22,7,1807.19,555-4431,Harbor Collision,46,honest
CLM50263,POL101651,2025-06-04,2025-06-06,11,21352.56,555-2785,Union Collision,7,inflated
CLM50264,POL101653,2025-09-10,2025-09-14,19,3414.45,555-7858,Union Collision,98,honest
CLM50265,POL101660,2025-08-06,2025-08-07,13,3931.05,555-9039,Summit Collision,263,honest
CLM50266,POL101662,2025-05-27,2025-05-27,13,2226.23,555-5989,Bergen Collision,285,honest
CLM50267,POL101666,2024-06-25,2024-06-26,13,12496.51,555-9253,Maple Collision,36,honest
CLM50268,POL101669,2025-02-27,2025-02-28,19,1007.57,555-2404,Grand Collision,387,honest
CLM50269,POL101689,2025-09-24,2025-09-28,14,2388.52,555-8402,Summit Collision,593,honest
CLM50270,POL101692,2025-03-28,2025-04-01,6,2133.29,555-6628,Union Collision,50,honest
CLM50271,POL101694,2024-09-24,2024-09-27,16,4847.4,555-6678,Harbor Collision,261,honest
CLM50272,POL101695,2024-09-04,2024-09-06,12,5191.56,555-6255,Pioneer Collision,137,honest
CLM50273,POL101717,2024-05-23,2024-05-23,3,9394.14,555-0101,Shop B Auto Body,36,ring
CLM50274,POL101719,2025-07-05,2025-07-08,6,4089.28,555-6718,Maple Collision,259,honest
CLM50275,POL101724,2025-02-20,2025-02-20,12,2698.7,555-7488,Summit Collision,375,honest
CLM50276,POL101731,2025-04-28,2025-05-03,15,7759.56,555-5525,Astor Collision,6,honest
CLM50277,POL101740,2025-04-13,2025-04-15,21,5581.17,555-5724,Fulton Collision,167,honest
CLM50278,POL101746,2025-03-20,2025-03-23,9,1598.04,555-2906,Sunrise Collision,437,honest
CLM50279,POL101752,2024-04-13,2024-04-18,20,9030.58,555-2625,Bergen Collision,75,honest
CLM50280,POL101768,2024-11-25,2024-11-27,7,3921.56,555-5143,Pioneer Collision,293,honest
CLM50281,POL101774,2025-04-10,2025-04-14,15,1653.8,555-7162,Astor Collision,48,honest
CLM50282,POL101776,2025-04-30,2025-04-30,13,6012.23,555-2669,Pioneer Collision,81,honest
CLM50283,POL101793,2024-12-08,2024-12-11,12,3291.58,555-7257,Fulton Collision,131,honest
CLM50284,POL101801,2025-04-19,2025-04-21,10,4138.61,555-6948,Maple Collision,29,honest
CLM50285,POL101820,2025-03-17,2025-03-22,14,5487.97,555-6852,Pioneer Collision,99,honest
CLM50286,POL101827,2024-06-09,2024-06-13,21,10970.69,555-8438,Union Collision,121,honest
CLM50287,POL101833,2024-05-20,2024-05-24,10,2527.89,555-4128,Union Collision,75,honest
CLM50288,POL101835,2025-09-08,2025-09-13,20,2117.43,555-9614,Grand Collision,470,honest
CLM50289,POL101847,2025-10-25,2025-10-28,11,4476.73,555-3327,Harbor Collision,180,honest
CLM50290,POL101861,2024-11-05,2024-11-08,9,1342.47,555-6093,Grand Collision,260,honest
CLM50291,POL101881,2025-12-31,2025-12-31,18,7702.45,555-8238,Maple Collision,404,honest
CLM50292,POL101900,2025-10-12,2025-10-13,14,3605.99,555-9140,Harbor Collision,368,honest
CLM50293,POL101905,2025-10-16,2025-10-17,18,4227.44,555-9194,Maple Collision,600,honest
CLM50294,POL101906,2025-09-17,2025-09-18,9,1772.56,555-5988,Grand Collision,110,honest
CLM50295,POL101907,2025-05-14,2025-05-15,18,3847.77,555-6439,Summit Collision,8,honest
CLM50296,POL101914,2024-10-12,2024-10-17,21,5519.47,555-3717,Union Collision,209,inflated
CLM50297,POL101931,2025-03-03,2025-03-03,19,6700.01,555-2133,Harbor Collision,10,honest
CLM50298,POL101933,2024-12-18,2024-12-20,21,9855.23,555-5635,Astor Collision,57,honest
CLM50299,POL101937,2025-10-11,2025-10-14,6,4238.75,555-5681,Astor Collision,339,honest
CLM50300,POL101939,2025-04-06,2025-04-08,6,6430.07,555-8408,Pioneer Collision,2,honest
CLM50301,POL101942,2025-03-22,2025-03-22,10,11063.65,555-4602,Fulton Collision,12,honest
CLM50302,POL101943,2024-09-05,2024-09-08,9,4185.17,555-6766,Summit Collision,3,honest
CLM50303,POL101964,2025-08-26,2025-08-26,14,13592.51,555-3809,Pioneer Collision,492,honest
CLM50304,POL101971,2025-11-06,2025-11-06,21,3259.8,555-2409,Maple Collision,377,honest
CLM50305,POL101995,2025-03-09,2025-03-11,11,16271.83,555-4631,Union Collision,58,inflated
CLM50306,POL102003,2025-11-29,2025-11-29,13,3512.58,555-9558,Grand Collision,345,honest
CLM50307,POL102004,2025-01-01,2025-01-06,9,12166.45,555-4766,Summit Collision,232,honest
CLM50308,POL102016,2024-08-23,2024-08-27,9,4445.85,555-2546,Sunrise Collision,229,honest
CLM50309,POL102021,2025-12-23,2025-12-28,19,2019.16,555-2038,Astor Collision,517,honest
CLM50310,POL102023,2025-05-11,2025-05-14,20,2275.07,555-3098,Harbor Collision,6,honest
CLM50311,POL102032,2024-10-15,2024-10-18,21,3470.7,555-4843,Bergen Collision,201,honest
CLM50312,POL102036,2025-12-10,2025-12-14,22,6810.0,555-2163,Union Collision,683,honest
CLM50313,POL102037,2025-04-17,2025-04-22,15,2778.46,555-6206,Maple Collision,321,honest
CLM50314,POL102056,2025-05-22,2025-05-26,9,3355.16,555-6721,Bergen Collision,248,honest
CLM50315,POL102059,2024-03-20,2024-03-21,9,4461.85,555-6970,Astor Collision,42,honest
CLM50316,POL102067,2025-09-17,2025-09-17,13,1180.82,555-5681,Summit Collision,341,honest
CLM50317,POL102072,2025-07-20,2025-07-25,16,4145.63,555-9651,Fulton Collision,51,honest
CLM50318,POL102076,2024-06-29,2024-07-03,15,3864.74,555-4885,Pioneer Collision,100,honest
CLM50319,POL102084,2025-09-27,2025-10-01,19,3019.62,555-7298,Pioneer Collision,227,honest
CLM50320,POL102103,2024-11-20,2024-11-20,2,5806.55,555-0103,Shop D Auto Body,44,ring
CLM50321,POL102126,2025-09-29,2025-09-30,22,4874.14,555-4930,Harbor Collision,356,inflated
CLM50322,POL102149,2024-09-26,2024-09-26,17,2647.21,555-3565,Fulton Collision,121,honest
CLM50323,POL102153,2025-10-22,2025-10-22,21,9252.28,555-4754,Astor Collision,620,honest
CLM50324,POL102160,2025-09-17,2025-09-18,20,3373.34,555-6518,Harbor Collision,371,honest
CLM50325,POL102165,2025-08-05,2025-08-07,19,15362.71,555-2466,Pioneer Collision,269,honest
CLM50326,POL102167,2025-07-21,2025-07-21,14,5563.94,555-8180,Pioneer Collision,156,honest
CLM50327,POL102185,2024-04-02,2024-04-03,2,6649.57,555-0102,Shop C Auto Body,15,ring
CLM50328,POL102190,2025-01-06,2025-01-10,16,4806.74,555-3818,Pioneer Collision,91,honest
CLM50329,POL102196,2025-01-20,2025-01-20,23,11491.1,555-0101,Shop B Auto Body,45,ring
CLM50330,POL102198,2024-03-06,2024-03-10,14,7356.89,555-5366,Bergen Collision,13,honest
CLM50331,POL102208,2025-11-10,2025-11-15,9,6302.09,555-3460,Fulton Collision,380,honest
CLM50332,POL102209,2025-02-10,2025-02-10,9,2521.73,555-8743,Maple Collision,70,honest
CLM50333,POL102220,2025-01-05,2025-01-05,1,11228.5,555-0101,Shop B Auto Body,25,ring
CLM50334,POL102261,2025-01-30,2025-02-03,17,25925.06,555-9332,Astor Collision,237,honest
CLM50335,POL102262,2024-03-01,2024-03-04,12,4880.6,555-6711,Harbor Collision,26,inflated
CLM50336,POL102267,2025-11-17,2025-11-19,20,1802.71,555-4693,Pioneer Collision,395,honest
CLM50337,POL102269,2024-04-16,2024-04-21,20,1844.75,555-4619,Astor Collision,53,honest
CLM50338,POL102273,2024-11-13,2024-11-14,14,8128.23,555-9574,Harbor Collision,130,honest
CLM50339,POL102286,2024-09-11,2024-09-16,17,3367.67,555-2306,Astor Collision,60,honest
CLM50340,POL102287,2025-10-27,2025-10-31,6,3037.28,555-9757,Fulton Collision,665,honest
CLM50341,POL102298,2025-05-02,2025-05-02,10,2277.51,555-8049,Grand Collision,132,honest
CLM50342,POL102302,2025-08-20,2025-08-20,21,3168.18,555-7672,Sunrise Collision,567,honest
CLM50343,POL102308,2025-07-07,2025-07-07,9,1862.75,555-2274,Grand Collision,120,honest
CLM50344,POL102320,2024-06-20,2024-06-25,16,2263.8,555-8888,Pioneer Collision,142,honest
CLM50345,POL102322,2025-05-06,2025-05-08,22,13494.75,555-2012,Summit Collision,314,honest
CLM50346,POL102324,2025-09-13,2025-09-15,20,4101.74,555-6011,Union Collision,189,honest
CLM50347,POL102335,2025-04-24,2025-04-27,13,6815.05,555-5810,Grand Collision,392,honest
CLM50348,POL102357,2024-09-28,2024-09-28,21,6952.72,555-7179,Grand Collision,5,honest
CLM50349,POL102360,2024-06-12,2024-06-13,13,1402.7,555-4094,Summit Collision,10,honest
CLM50350,POL102374,2025-05-16,2025-05-19,17,1878.09,555-9081,Union Collision,125,honest
CLM50351,POL102376,2025-12-22,2025-12-27,20,5296.64,555-2952,Summit Collision,560,honest
CLM50352,POL102388,2025-07-26,2025-07-27,18,5502.21,555-9150,Fulton Collision,62,honest
CLM50353,POL102397,2024-12-06,2024-12-07,9,3152.45,555-3730,Sunrise Collision,181,honest
CLM50354,POL102399,2025-02-28,2025-03-01,19,4587.88,555-8144,Sunrise Collision,413,honest
CLM50355,POL102400,2025-09-14,2025-09-19,16,5150.28,555-7818,Maple Collision,594,honest
CLM50356,POL102403,2025-12-04,2025-12-06,16,3485.61,555-3235,Summit Collision,222,honest
CLM50357,POL102404,2025-11-03,2025-11-04,7,6824.79,555-7657,Bergen Collision,173,honest
CLM50358,POL102405,2025-06-21,2025-06-23,9,6387.64,555-4785,Harbor Collision,150,honest
CLM50359,POL102408,2025-11-16,2025-11-20,9,2208.96,555-8580,Maple Collision,178,honest
CLM50360,POL102411,2025-04-21,2025-04-21,20,9500.07,555-9327,Fulton Collision,424,honest
CLM50361,POL102414,2024-09-29,2024-10-04,21,3496.7,555-4708,Union Collision,234,honest
CLM50362,POL102447,2025-10-11,2025-10-15,9,6250.18,555-8514,Astor Collision,136,honest
CLM50363,POL102462,2025-07-16,2025-07-19,17,15894.42,555-2409,Bergen Collision,322,honest
CLM50364,POL102467,2025-11-10,2025-11-12,10,1640.4,555-4287,Maple Collision,597,honest
CLM50365,POL102470,2025-10-08,2025-10-09,21,2112.18,555-6451,Pioneer Collision,480,honest
CLM50366,POL102477,2025-11-07,2025-11-08,22,7222.65,555-3737,Bergen Collision,320,honest
CLM50367,POL102495,2024-10-14,2024-10-17,8,2349.14,555-4785,Grand Collision,33,honest
CLM50368,POL102505,2025-01-20,2025-01-21,15,4973.49,555-5694,Union Collision,274,honest
CLM50369,POL102514,2025-05-01,2025-05-03,20,4824.37,555-3354,Fulton Collision,189,honest
CLM50370,POL102526,2025-06-14,2025-06-19,19,6189.61,555-6788,Fulton Collision,372,honest
CLM50371,POL102537,2025-12-24,2025-12-25,10,2129.44,555-2251,Fulton Collision,205,honest
CLM50372,POL102538,2025-10-27,2025-11-01,7,3978.95,555-7331,Sunrise Collision,648,honest
CLM50373,POL102539,2025-02-15,2025-02-15,6,23536.58,555-4642,Fulton Collision,256,honest
CLM50374,POL102547,2025-05-09,2025-05-10,12,13725.19,555-2381,Sunrise Collision,330,honest
CLM50375,POL102550,2025-04-16,2025-04-19,20,11078.71,555-8904,Harbor Collision,24,honest
CLM50376,POL102554,2025-03-28,2025-03-30,14,2713.6,555-3963,Harbor Collision,198,honest
CLM50377,POL102555,2025-09-15,2025-09-16,17,1460.16,555-7594,Pioneer Collision,239,honest
CLM50378,POL102556,2025-01-27,2025-01-31,19,20919.01,555-2017,Grand Collision,147,inflated
CLM50379,POL102559,2025-12-06,2025-12-07,18,7362.21,555-9645,Summit Collision,558,inflated
CLM50380,POL102560,2025-03-18,2025-03-21,15,4386.87,555-7610,Astor Collision,238,honest
CLM50381,POL102575,2025-06-15,2025-06-18,19,4698.81,555-4982,Grand Collision,120,honest
CLM50382,POL102583,2025-07-26,2025-07-31,10,3694.67,555-5524,Astor Collision,82,honest
CLM50383,POL102595,2024-11-03,2024-11-08,7,8248.16,555-4498,Pioneer Collision,57,honest
CLM50384,POL102602,2025-05-28,2025-05-28,13,13289.11,555-6287,Astor Collision,351,honest
CLM50385,POL102605,2024-11-06,2024-11-06,7,11871.54,555-2589,Union Collision,143,inflated
CLM50386,POL102606,2024-12-08,2024-12-08,11,5813.65,555-4082,Summit Collision,47,honest
CLM50387,POL102607,2025-07-31,2025-08-04,8,2503.0,555-9325,Summit Collision,380,honest
CLM50388,POL102609,2025-10-24,2025-10-29,12,4103.44,555-2458,Grand Collision,504,honest
CLM50389,POL102612,2025-08-22,2025-08-24,12,28023.05,555-2352,Harbor Collision,400,honest
CLM50390,POL102615,2024-10-21,2024-10-22,9,1896.27,555-9679,Fulton Collision,10,inflated
CLM50391,POL102627,2025-07-13,2025-07-13,1,15077.18,555-0102,Shop C Auto Body,23,ring
CLM50392,POL102647,2024-05-21,2024-05-22,1,6109.07,555-0103,Shop D Auto Body,37,ring
CLM50393,POL102650,2025-05-28,2025-05-31,11,3850.35,555-5955,Astor Collision,60,honest
CLM50394,POL102653,2025-02-15,2025-02-17,17,4100.75,555-6709,Maple Collision,383,honest
CLM50395,POL102654,2025-12-31,2025-12-31,14,4339.98,555-3652,Summit Collision,246,honest
CLM50396,POL102678,2025-03-30,2025-04-03,8,4075.97,555-4547,Pioneer Collision,297,honest
CLM50397,POL102685,2025-05-24,2025-05-29,15,2035.19,555-8890,Summit Collision,496,honest
CLM50398,POL102686,2025-03-21,2025-03-24,14,8566.94,555-2332,Bergen Collision,22,honest
CLM50399,POL102687,2025-09-10,2025-09-11,9,1731.71,555-5290,Maple Collision,127,honest
CLM50400,POL102690,2025-01-23,2025-01-23,21,3533.19,555-6020,Grand Collision,35,honest
CLM50401,POL102701,2025-11-21,2025-11-24,19,4848.73,555-8508,Astor Collision,199,honest
CLM50402,POL102704,2025-08-19,2025-08-19,9,6249.49,555-4905,Union Collision,138,inflated
CLM50403,POL102709,2025-08-15,2025-08-15,18,6385.18,555-5132,Grand Collision,67,honest
CLM50404,POL102721,2024-12-11,2024-12-11,15,2672.47,555-8130,Union Collision,240,honest
CLM50405,POL102724,2025-01-18,2025-01-21,8,6248.68,555-2336,Harbor Collision,319,honest
CLM50406,POL102725,2025-07-31,2025-08-01,16,8592.57,555-7793,Harbor Collision,102,honest
CLM50407,POL102727,2025-06-28,2025-06-30,8,1577.69,555-5054,Maple Collision,138,honest
CLM50408,POL102729,2025-03-18,2025-03-20,20,4389.22,555-7207,Summit Collision,268,honest
CLM50409,POL102755,2024-11-11,2024-11-11,16,11512.58,555-8019,Bergen Collision,58,honest
CLM50410,POL102756,2024-04-12,2024-04-17,17,7438.1,555-2822,Bergen Collision,98,honest
CLM50411,POL102758,2025-09-15,2025-09-15,16,3444.53,555-5315,Fulton Collision,80,honest
CLM50412,POL102760,2025-10-08,2025-10-08,8,6860.96,555-8869,Pioneer Collision,262,honest
CLM50413,POL102789,2025-10-11,2025-10-13,18,2094.71,555-5872,Sunrise Collision,149,honest
CLM50414,POL102792,2025-07-15,2025-07-17,11,9296.38,555-6967,Fulton Collision,295,honest
CLM50415,POL102793,2025-11-25,2025-11-29,15,3241.97,555-4491,Astor Collision,156,honest
CLM50416,POL102797,2024-11-25,2024-11-28,21,3791.37,555-6763,Harbor Collision,85,honest
CLM50417,POL102798,2025-05-13,2025-05-18,15,5069.64,555-8068,Grand Collision,22,honest
CLM50418,POL102805,2024-07-06,2024-07-07,19,6009.1,555-7290,Harbor Collision,46,honest
CLM50419,POL102818,2024-12-03,2024-12-06,16,16030.85,555-9354,Astor Collision,193,honest
CLM50420,POL102833,2025-05-17,2025-05-18,23,11651.85,555-0104,Shop E Auto Body,14,ring
CLM50421,POL102842,2025-06-25,2025-06-26,17,10159.11,555-4425,Union Collision,227,honest
CLM50422,POL102843,2025-04-07,2025-04-12,15,3978.5,555-7644,Sunrise Collision,47,honest
CLM50423,POL102849,2025-01-02,2025-01-03,6,2729.51,555-2461,Sunrise Collision,58,honest
CLM50424,POL102862,2025-09-13,2025-09-14,21,2961.15,555-6629,Pioneer Collision,290,honest
CLM50425,POL102864,2025-08-03,2025-08-06,13,7137.78,555-5049,Pioneer Collision,556,honest
CLM50426,POL102866,2025-08-08,2025-08-11,6,2791.21,555-7297,Maple Collision,41,honest
CLM50427,POL102885,2024-11-13,2024-11-14,11,4546.25,555-7110,Fulton Collision,173,honest
CLM50428,POL102886,2025-09-08,2025-09-11,10,5542.08,555-7982,Summit Collision,213,honest
CLM50429,POL102888,2025-11-19,2025-11-23,9,2243.04,555-7560,Pioneer Collision,529,honest
CLM50430,POL102894,2025-10-24,2025-10-26,6,2727.85,555-9311,Union Collision,162,honest
CLM50431,POL102897,2024-10-20,2024-10-20,8,5935.06,555-2205,Summit Collision,72,honest
CLM50432,POL102899,2025-02-14,2025-02-14,7,7008.65,555-2586,Fulton Collision,18,honest
CLM50433,POL102910,2025-03-07,2025-03-08,8,19457.45,555-9052,Grand Collision,306,honest
CLM50434,POL102913,2025-06-04,2025-06-07,7,2326.84,555-5317,Union Collision,274,honest
CLM50435,POL102918,2025-01-15,2025-01-17,20,3941.87,555-2333,Union Collision,379,honest
CLM50436,POL102925,2025-11-25,2025-11-30,13,4751.19,555-6837,Bergen Collision,651,honest
CLM50437,POL102930,2024-10-02,2024-10-05,21,3023.76,555-4258,Harbor Collision,272,honest
CLM50438,POL102936,2025-08-24,2025-08-28,19,2231.97,555-2032,Pioneer Collision,457,honest
CLM50439,POL102938,2025-07-11,2025-07-11,4,12590.7,555-0105,Shop F Auto Body,12,ring
CLM50440,POL102947,2025-12-21,2025-12-22,20,1646.39,555-2071,Pioneer Collision,546,honest
CLM50441,POL102959,2025-06-06,2025-06-08,17,10820.68,555-6388,Union Collision,511,honest
CLM50442,POL102994,2025-09-07,2025-09-10,10,1105.16,555-3284,Bergen Collision,153,honest
CLM50443,POL103002,2025-03-17,2025-03-20,21,10790.59,555-5469,Fulton Collision,393,honest
CLM50444,POL103004,2025-06-02,2025-06-04,9,11477.37,555-3692,Fulton Collision,239,honest
CLM50445,POL103016,2025-08-26,2025-08-28,8,5773.18,555-8261,Union Collision,198,honest
CLM50446,POL103020,2025-12-27,2026-01-01,11,8393.83,555-5872,Fulton Collision,551,honest
CLM50447,POL103028,2025-10-29,2025-10-31,14,3596.66,555-3878,Summit Collision,364,honest
CLM50448,POL103033,2025-07-20,2025-07-22,7,4759.05,555-9858,Sunrise Collision,424,honest
CLM50449,POL103045,2025-09-16,2025-09-19,15,1560.13,555-6848,Pioneer Collision,621,honest
CLM50450,POL103067,2025-02-22,2025-02-26,8,12402.86,555-6349,Union Collision,225,honest
CLM50451,POL103069,2024-05-08,2024-05-11,20,4091.26,555-8810,Astor Collision,9,honest
CLM50452,POL103070,2025-07-04,2025-07-08,17,5216.71,555-6709,Pioneer Collision,459,honest
CLM50453,POL103073,2025-08-13,2025-08-16,8,5713.7,555-7175,Grand Collision,242,honest
CLM50454,POL103075,2025-05-30,2025-05-30,9,1158.55,555-6946,Fulton Collision,71,honest
CLM50455,POL103077,2025-05-23,2025-05-28,16,16198.49,555-8723,Union Collision,42,honest
CLM50456,POL103085,2024-12-06,2024-12-11,8,4175.13,555-5066,Maple Collision,123,honest
CLM50457,POL103090,2025-10-26,2025-10-29,10,2180.44,555-9813,Grand Collision,407,honest
CLM50458,POL103103,2025-02-18,2025-02-22,12,1623.53,555-4376,Pioneer Collision,125,honest
CLM50459,POL103104,2025-09-09,2025-09-14,19,1434.39,555-2280,Bergen Collision,458,honest
CLM50460,POL103105,2025-05-12,2025-05-14,13,7168.48,555-9152,Bergen Collision,45,honest
CLM50461,POL103113,2025-07-07,2025-07-08,13,7294.31,555-9545,Pioneer Collision,490,honest
CLM50462,POL103124,2025-06-07,2025-06-10,20,4506.03,555-4639,Maple Collision,409,honest
CLM50463,POL103137,2025-06-15,2025-06-18,9,7695.47,555-7215,Grand Collision,401,inflated
CLM50464,POL103138,2024-07-18,2024-07-18,13,6833.67,555-6244,Grand Collision,11,honest
CLM50465,POL103149,2024-11-04,2024-11-04,11,7059.11,555-4826,Union Collision,283,honest
CLM50466,POL103151,2025-05-08,2025-05-11,19,5217.82,555-7370,Fulton Collision,469,inflated
CLM50467,POL103153,2025-02-14,2025-02-19,15,10300.26,555-9907,Sunrise Collision,77,honest
CLM50468,POL103154,2025-10-29,2025-11-01,16,4828.49,555-3975,Pioneer Collision,400,honest
CLM50469,POL103157,2025-08-14,2025-08-17,13,7087.55,555-4495,Maple Collision,373,honest
CLM50470,POL103162,2025-05-05,2025-05-07,7,3552.09,555-2977,Pioneer Collision,374,honest
CLM50471,POL103165,2024-02-20,2024-02-20,23,16353.12,555-0101,Shop B Auto Body,18,ring
CLM50472,POL103167,2025-08-03,2025-08-05,6,7755.88,555-8109,Maple Collision,264,honest
CLM50473,POL103170,2025-08-31,2025-09-05,8,6030.76,555-4683,Maple Collision,71,honest
CLM50474,POL103208,2024-04-16,2024-04-16,9,3693.25,555-9633,Harbor Collision,9,honest
CLM50475,POL103213,2025-11-24,2025-11-27,16,1989.87,555-5807,Pioneer Collision,657,honest
CLM50476,POL103239,2025-12-14,2025-12-15,12,2562.79,555-2983,Maple Collision,233,honest
CLM50477,POL103245,2024-12-19,2024-12-20,6,2773.04,555-9267,Summit Collision,46,honest
CLM50478,POL103248,2025-11-01,2025-11-03,13,5693.46,555-7562,Sunrise Collision,340,honest
CLM50479,POL103254,2025-10-19,2025-10-21,7,2686.9,555-6240,Sunrise Collision,332,honest
CLM50480,POL103260,2025-08-11,2025-08-15,20,2525.0,555-7234,Harbor Collision,222,honest
CLM50481,POL103262,2025-06-06,2025-06-07,13,5829.19,555-2510,Sunrise Collision,71,honest
CLM50482,POL103268,2025-02-21,2025-02-22,21,3798.53,555-5066,Maple Collision,331,honest
CLM50483,POL103276,2025-01-25,2025-01-28,11,3643.96,555-8945,Maple Collision,197,honest
CLM50484,POL103284,2024-11-30,2024-12-01,4,12247.34,555-0103,Shop D Auto Body,41,ring
CLM50485,POL103293,2025-06-16,2025-06-20,22,5869.93,555-4949,Pioneer Collision,215,honest
CLM50486,POL103298,2025-12-03,2025-12-06,22,5255.8,555-3641,Harbor Collision,667,honest
CLM50487,POL103299,2024-10-20,2024-10-21,9,5825.24,555-8252,Grand Collision,112,honest
CLM50488,POL103306,2025-05-21,2025-05-21,8,12978.89,555-9251,Bergen Collision,70,honest
CLM50489,POL103308,2024-11-04,2024-11-05,12,6182.74,555-3274,Sunrise Collision,30,honest
CLM50490,POL103312,2025-03-13,2025-03-14,6,7636.99,555-8025,Pioneer Collision,435,honest
CLM50491,POL103313,2024-07-10,2024-07-14,19,3488.22,555-4847,Grand Collision,177,honest
CLM50492,POL103316,2025-06-29,2025-06-30,6,3660.21,555-2382,Bergen Collision,17,honest
CLM50493,POL103328,2025-03-22,2025-03-25,8,3754.17,555-3487,Astor Collision,140,honest
CLM50494,POL103341,2025-02-01,2025-02-01,9,11454.59,555-2992,Bergen Collision,238,honest
CLM50495,POL103354,2025-06-19,2025-06-24,15,1903.33,555-2498,Pioneer Collision,107,honest
CLM50496,POL103361,2025-08-20,2025-08-21,9,23136.26,555-5943,Astor Collision,544,honest
CLM50497,POL103363,2025-03-09,2025-03-12,12,2792.91,555-8977,Fulton Collision,269,honest
CLM50498,POL103364,2024-07-17,2024-07-18,13,2211.45,555-2446,Summit Collision,83,honest
CLM50499,POL103382,2025-09-26,2025-09-30,19,6264.95,555-9622,Bergen Collision,360,honest
CLM50500,POL103391,2025-09-14,2025-09-18,16,6435.97,555-6506,Pioneer Collision,509,honest
CLM50501,POL103393,2025-06-08,2025-06-10,20,3914.48,555-4909,Bergen Collision,164,honest
CLM50502,POL103396,2025-01-25,2025-01-28,12,4886.84,555-5040,Fulton Collision,171,honest
CLM50503,POL103415,2024-06-06,2024-06-11,14,2478.2,555-8737,Grand Collision,8,honest
CLM50504,POL103444,2025-10-18,2025-10-18,11,2318.01,555-8824,Harbor Collision,344,honest
CLM50505,POL103446,2025-12-04,2025-12-04,15,7054.76,555-6124,Astor Collision,289,honest
CLM50506,POL103447,2025-07-25,2025-07-27,8,3489.28,555-7871,Pioneer Collision,143,honest
CLM50507,POL103468,2025-12-28,2025-12-29,18,4103.13,555-9007,Fulton Collision,315,honest
CLM50508,POL103469,2025-04-16,2025-04-21,14,4937.95,555-8301,Union Collision,346,honest
CLM50509,POL103471,2025-06-25,2025-06-30,21,1469.37,555-4018,Pioneer Collision,514,honest
CLM50510,POL103478,2025-07-21,2025-07-26,19,2082.07,555-6692,Union Collision,122,honest
CLM50511,POL103479,2025-02-21,2025-02-23,9,1346.13,555-3913,Harbor Collision,201,honest
CLM50512,POL103481,2025-05-04,2025-05-06,8,8628.05,555-4735,Grand Collision,219,honest
CLM50513,POL103484,2025-08-31,2025-09-02,9,9349.95,555-3538,Grand Collision,572,honest
CLM50514,POL103504,2024-08-29,2024-09-02,11,9188.05,555-2797,Harbor Collision,165,honest
CLM50515,POL103513,2025-01-22,2025-01-27,10,1293.16,555-7110,Summit Collision,248,honest
CLM50516,POL103518,2024-04-03,2024-04-03,13,2275.73,555-9876,Fulton Collision,67,honest
CLM50517,POL103523,2025-09-16,2025-09-17,14,4335.91,555-8271,Grand Collision,593,honest
CLM50518,POL103541,2025-10-01,2025-10-02,18,6364.96,555-6312,Astor Collision,317,honest
CLM50519,POL103564,2025-12-14,2025-12-18,13,3010.36,555-6029,Fulton Collision,301,honest
CLM50520,POL103572,2025-05-28,2025-05-31,14,4525.3,555-6502,Union Collision,38,honest
CLM50521,POL103593,2024-12-09,2024-12-10,16,1923.04,555-6951,Fulton Collision,309,honest
CLM50522,POL103596,2025-11-22,2025-11-22,20,1999.09,555-4729,Bergen Collision,150,honest
CLM50523,POL103598,2025-07-15,2025-07-16,6,5468.37,555-6855,Grand Collision,455,honest
CLM50524,POL103601,2025-07-12,2025-07-17,15,5098.46,555-7272,Union Collision,296,honest
CLM50525,POL103607,2025-04-25,2025-04-29,9,2317.26,555-6373,Harbor Collision,2,honest
CLM50526,POL103611,2025-09-14,2025-09-15,11,8163.44,555-9198,Fulton Collision,152,honest
CLM50527,POL103626,2024-12-08,2024-12-13,14,5485.91,555-7384,Sunrise Collision,118,honest
CLM50528,POL103629,2025-09-24,2025-09-26,17,3354.14,555-4891,Grand Collision,537,honest
CLM50529,POL103645,2025-06-24,2025-06-25,6,5422.72,555-2823,Fulton Collision,396,honest
CLM50530,POL103651,2025-11-03,2025-11-06,21,2019.8,555-9909,Maple Collision,222,honest
CLM50531,POL103653,2025-07-26,2025-07-27,9,4189.52,555-2630,Grand Collision,173,honest
CLM50532,POL103655,2025-12-14,2025-12-18,11,1558.49,555-8848,Maple Collision,283,honest
CLM50533,POL103667,2025-11-21,2025-11-26,8,7499.89,555-7891,Pioneer Collision,239,honest
CLM50534,POL103674,2025-09-20,2025-09-25,15,2502.79,555-2120,Sunrise Collision,382,honest
CLM50535,POL103684,2025-05-27,2025-05-31,12,4817.49,555-3656,Grand Collision,13,honest
CLM50536,POL103703,2025-12-22,2025-12-26,7,3373.73,555-6141,Grand Collision,619,honest
CLM50537,POL103712,2025-11-26,2025-11-29,18,1348.2,555-3066,Sunrise Collision,563,honest
CLM50538,POL103716,2024-08-15,2024-08-16,12,6115.43,555-8148,Grand Collision,140,honest
CLM50539,POL103719,2025-01-24,2025-01-24,6,1728.05,555-6460,Harbor Collision,31,honest
CLM50540,POL103730,2024-08-10,2024-08-14,13,3118.12,555-8193,Sunrise Collision,182,honest
CLM50541,POL103732,2025-07-26,2025-07-28,19,2869.66,555-5042,Harbor Collision,249,honest
CLM50542,POL103733,2024-11-12,2024-11-12,12,2285.23,555-6423,Fulton Collision,53,honest
CLM50543,POL103737,2025-10-23,2025-10-27,6,8706.27,555-7483,Fulton Collision,349,honest
CLM50544,POL103738,2024-02-18,2024-02-22,18,2308.94,555-7162,Pioneer Collision,40,honest
CLM50545,POL103741,2025-03-03,2025-03-07,8,2066.15,555-5453,Sunrise Collision,396,honest
CLM50546,POL103742,2025-07-28,2025-08-02,8,7342.1,555-4007,Sunrise Collision,490,honest
CLM50547,POL103744,2025-12-01,2025-12-05,15,1940.05,555-3852,Union Collision,300,honest
CLM50548,POL103762,2024-06-18,2024-06-22,11,1395.54,555-4501,Fulton Collision,90,honest
CLM50549,POL103765,2025-05-25,2025-05-28,7,3238.48,555-3196,Union Collision,11,honest
CLM50550,POL103769,2025-10-21,2025-10-24,9,3619.11,555-8816,Maple Collision,629,honest
CLM50551,POL103779,2025-06-03,2025-06-08,18,9550.08,555-7244,Bergen Collision,500,honest
CLM50552,POL103798,2025-07-20,2025-07-21,17,3596.8,555-6804,Grand Collision,138,honest
CLM50553,POL103802,2024-07-27,2024-07-27,4,5824.07,555-0104,Shop E Auto Body,22,ring
CLM50554,POL103804,2024-08-28,2024-08-31,18,7172.61,555-6591,Maple Collision,51,honest
CLM50555,POL103818,2025-04-03,2025-04-04,22,1170.69,555-5285,Maple Collision,385,honest
CLM50556,POL103821,2025-08-28,2025-08-28,8,5573.93,555-4453,Harbor Collision,290,honest
CLM50557,POL103822,2025-07-27,2025-07-30,8,5348.3,555-9059,Sunrise Collision,532,honest
CLM50558,POL103828,2025-03-31,2025-04-05,19,4803.64,555-7045,Astor Collision,299,honest
CLM50559,POL103834,2025-06-11,2025-06-14,11,8815.1,555-4567,Fulton Collision,146,honest
CLM50560,POL103835,2024-04-28,2024-04-28,3,20025.26,555-0100,Shop A Auto Body,10,ring
CLM50561,POL103841,2024-12-07,2024-12-12,8,5392.9,555-2785,Pioneer Collision,294,honest
CLM50562,POL103858,2025-12-21,2025-12-24,17,2061.2,555-4848,Pioneer Collision,210,honest
CLM50563,POL103859,2025-05-31,2025-06-02,20,8547.09,555-5456,Union Collision,180,inflated
CLM50564,POL103867,2025-11-04,2025-11-09,10,16187.84,555-9762,Sunrise Collision,152,honest
CLM50565,POL103869,2025-01-31,2025-01-31,6,12209.33,555-7318,Harbor Collision,389,honest
CLM50566,POL103871,2025-04-13,2025-04-16,9,5228.29,555-6539,Union Collision,39,honest
CLM50567,POL103883,2024-08-25,2024-08-27,7,23604.6,555-5886,Astor Collision,52,honest
CLM50568,POL103899,2024-11-19,2024-11-20,10,1218.74,555-4572,Astor Collision,203,honest
CLM50569,POL103913,2025-10-18,2025-10-19,20,1339.49,555-4452,Astor Collision,583,honest
CLM50570,POL103931,2025-08-20,2025-08-22,8,7227.69,555-6634,Harbor Collision,333,honest
CLM50571,POL103937,2025-07-28,2025-08-01,13,4514.62,555-2108,Harbor Collision,29,honest
CLM50572,POL103944,2024-07-28,2024-07-31,14,8639.45,555-7575,Grand Collision,174,inflated
CLM50573,POL103946,2025-12-29,2026-01-01,9,749.07,555-9265,Sunrise Collision,622,honest
CLM50574,POL103954,2025-10-17,2025-10-18,14,7166.77,555-6162,Union Collision,568,honest
CLM50575,POL103955,2025-10-17,2025-10-17,17,17553.63,555-7472,Sunrise Collision,636,honest
CLM50576,POL103956,2024-11-10,2024-11-11,2,8136.75,555-0105,Shop F Auto Body,40,ring
CLM50577,POL103969,2025-05-04,2025-05-07,19,2356.61,555-9407,Fulton Collision,36,honest
CLM50578,POL103971,2025-06-12,2025-06-17,16,5662.6,555-6910,Harbor Collision,246,honest
CLM50579,POL103973,2024-07-21,2024-07-26,16,7252.68,555-8295,Astor Collision,198,honest
CLM50580,POL103975,2025-12-08,2025-12-13,6,1831.22,555-2293,Harbor Collision,319,honest
CLM50581,POL103995,2025-03-25,2025-03-30,15,1235.52,555-4251,Fulton Collision,118,honest
CLM50582,POL103996,2025-12-29,2025-12-30,7,2050.96,555-4209,Pioneer Collision,435,honest
CLM50583,POL104012,2025-08-06,2025-08-11,12,4623.54,555-8924,Fulton Collision,448,honest
CLM50584,POL104025,2025-02-11,2025-02-15,11,7742.14,555-6887,Astor Collision,51,honest
CLM50585,POL104043,2024-07-01,2024-07-01,1,10887.32,555-0105,Shop F Auto Body,57,ring
CLM50586,POL104046,2024-11-02,2024-11-07,11,9155.47,555-2596,Astor Collision,245,honest
CLM50587,POL104049,2025-05-22,2025-05-24,19,1554.81,555-9915,Grand Collision,492,honest
CLM50588,POL104056,2025-02-24,2025-02-27,22,13146.97,555-5748,Sunrise Collision,108,inflated
CLM50589,POL104058,2025-10-18,2025-10-22,22,4096.34,555-9082,Harbor Collision,152,honest
CLM50590,POL104074,2025-06-09,2025-06-12,17,8136.55,555-8728,Pioneer Collision,59,honest
CLM50591,POL104076,2025-06-26,2025-07-01,22,8528.58,555-3190,Fulton Collision,162,honest
CLM50592,POL104081,2025-10-31,2025-11-01,10,4373.13,555-3096,Harbor Collision,332,honest
CLM50593,POL104084,2025-10-28,2025-11-02,20,10128.94,555-7959,Pioneer Collision,437,honest
CLM50594,POL104095,2025-02-24,2025-03-01,15,5891.28,555-5569,Sunrise Collision,76,honest
CLM50595,POL104099,2025-06-09,2025-06-14,6,2254.08,555-3054,Bergen Collision,195,honest
CLM50596,POL104103,2025-12-02,2025-12-07,19,6887.97,555-6738,Astor Collision,174,honest
CLM50597,POL104105,2025-06-23,2025-06-28,10,15071.38,555-6931,Union Collision,143,honest
CLM50598,POL104106,2025-02-19,2025-02-19,14,4545.36,555-9860,Summit Collision,47,honest
CLM50599,POL104109,2024-12-03,2024-12-04,20,1162.57,555-3592,Sunrise Collision,201,honest
CLM50600,POL104120,2024-06-18,2024-06-20,22,5356.95,555-6324,Maple Collision,134,inflated
CLM50601,POL104124,2025-08-14,2025-08-16,11,4647.62,555-6993,Union Collision,107,honest
CLM50602,POL104129,2025-06-12,2025-06-16,22,20344.35,555-7155,Pioneer Collision,385,honest
CLM50603,POL104130,2025-12-12,2025-12-14,16,15422.18,555-8575,Grand Collision,241,inflated
CLM50604,POL104131,2025-04-11,2025-04-13,6,2012.39,555-6711,Astor Collision,346,honest
CLM50605,POL104133,2025-07-01,2025-07-03,7,3458.58,555-5264,Harbor Collision,506,honest
CLM50606,POL104135,2024-11-06,2024-11-08,19,5752.79,555-8548,Pioneer Collision,37,honest
CLM50607,POL104138,2024-12-08,2024-12-11,17,2599.87,555-4678,Maple Collision,114,honest
CLM50608,POL104146,2024-12-19,2024-12-22,15,3893.31,555-9523,Grand Collision,246,honest
CLM50609,POL104147,2024-12-15,2024-12-16,1,13864.13,555-0105,Shop F Auto Body,12,ring
CLM50610,POL104148,2025-05-27,2025-05-28,9,7103.86,555-5827,Harbor Collision,30,honest
CLM50611,POL104150,2025-10-28,2025-10-31,15,3437.05,555-9103,Union Collision,222,honest
CLM50612,POL104154,2025-01-02,2025-01-06,17,2794.67,555-7689,Pioneer Collision,15,honest
CLM50613,POL104164,2024-09-29,2024-10-04,17,8548.99,555-3928,Maple Collision,11,honest
CLM50614,POL104165,2025-02-15,2025-02-17,21,1767.21,555-6836,Astor Collision,53,honest
CLM50615,POL104167,2024-07-08,2024-07-10,7,3171.62,555-7573,Pioneer Collision,67,honest
CLM50616,POL104174,2025-06-15,2025-06-15,18,2343.94,555-8606,Bergen Collision,352,honest
CLM50617,POL104189,2025-04-15,2025-04-18,10,2982.04,555-4982,Summit Collision,126,honest
CLM50618,POL104192,2025-08-14,2025-08-16,22,6768.09,555-9514,Fulton Collision,144,honest
CLM50619,POL104203,2025-05-02,2025-05-03,7,3751.22,555-2693,Grand Collision,238,honest
CLM50620,POL104204,2025-05-22,2025-05-25,14,1388.84,555-8224,Union Collision,239,honest
CLM50621,POL104205,2024-03-04,2024-03-07,18,1653.02,555-3145,Summit Collision,28,honest
CLM50622,POL104218,2024-11-13,2024-11-15,9,4222.46,555-9093,Union Collision,208,honest
CLM50623,POL104223,2025-06-26,2025-06-29,6,20822.46,555-4778,Bergen Collision,43,inflated
CLM50624,POL104247,2025-03-19,2025-03-20,15,3015.57,555-5090,Harbor Collision,28,honest
CLM50625,POL104248,2024-09-20,2024-09-22,18,4626.58,555-5249,Pioneer Collision,233,honest
CLM50626,POL104258,2025-02-01,2025-02-01,9,2857.9,555-8205,Grand Collision,23,honest
CLM50627,POL104259,2025-09-12,2025-09-14,21,5306.33,555-8782,Sunrise Collision,124,honest
CLM50628,POL104262,2025-07-18,2025-07-19,13,8308.93,555-4258,Summit Collision,486,honest
CLM50629,POL104265,2025-04-14,2025-04-17,11,4847.69,555-8725,Fulton Collision,225,honest
CLM50630,POL104268,2025-10-31,2025-11-05,12,3390.06,555-7879,Harbor Collision,533,honest
CLM50631,POL104280,2025-05-02,2025-05-03,14,8775.92,555-3702,Bergen Collision,49,inflated
CLM50632,POL104285,2025-10-28,2025-10-30,12,9474.46,555-4209,Summit Collision,179,honest
CLM50633,POL104290,2025-02-08,2025-02-12,14,3395.32,555-5129,Astor Collision,316,honest
CLM50634,POL104297,2025-10-05,2025-10-08,13,4191.13,555-2771,Fulton Collision,459,inflated
CLM50635,POL104308,2025-10-22,2025-10-27,12,4811.15,555-6992,Union Collision,515,honest
CLM50636,POL104314,2025-03-13,2025-03-18,15,10936.75,555-7568,Sunrise Collision,104,honest
CLM50637,POL104317,2025-12-12,2025-12-17,9,10898.3,555-8132,Fulton Collision,223,honest
CLM50638,POL104321,2025-09-17,2025-09-22,14,7752.54,555-2452,Maple Collision,314,honest
CLM50639,POL104324,2025-11-10,2025-11-14,14,8005.84,555-8731,Union Collision,659,inflated
CLM50640,POL104325,2024-08-21,2024-08-26,9,4749.82,555-6165,Union Collision,218,honest
CLM50641,POL104331,2025-04-24,2025-04-24,22,14056.5,555-3377,Union Collision,213,honest
CLM50642,POL104338,2024-12-23,2024-12-27,16,4023.36,555-9288,Pioneer Collision,115,honest
CLM50643,POL104339,2025-03-02,2025-03-07,19,3823.12,555-3709,Harbor Collision,20,honest
CLM50644,POL104340,2024-10-30,2024-11-04,22,3721.94,555-9945,Astor Collision,95,honest
CLM50645,POL104347,2024-12-02,2024-12-05,21,2090.78,555-9505,Summit Collision,82,honest
CLM50646,POL104351,2024-09-14,2024-09-17,13,3891.88,555-6270,Union Collision,78,honest
CLM50647,POL104355,2024-04-16,2024-04-17,23,9762.26,555-0100,Shop A Auto Body,48,ring
CLM50648,POL104356,2025-06-13,2025-06-18,22,16993.63,555-7276,Sunrise Collision,263,honest
CLM50649,POL104358,2025-05-30,2025-05-31,4,13802.34,555-0100,Shop A Auto Body,47,ring
CLM50650,POL104363,2025-09-17,2025-09-19,15,9294.37,555-8364,Sunrise Collision,366,honest
CLM50651,POL104374,2024-10-29,2024-11-03,16,1260.84,555-5800,Pioneer Collision,70,honest
CLM50652,POL104377,2025-08-20,2025-08-24,13,3438.79,555-8216,Grand Collision,133,honest
CLM50653,POL104400,2025-05-06,2025-05-06,19,1547.21,555-3443,Sunrise Collision,100,honest
CLM50654,POL104403,2024-10-06,2024-10-07,8,13933.16,555-5652,Pioneer Collision,122,inflated
CLM50655,POL104412,2025-08-24,2025-08-28,6,4268.19,555-7852,Pioneer Collision,103,honest
CLM50656,POL104415,2025-06-23,2025-06-25,18,5053.46,555-9191,Union Collision,84,honest
CLM50657,POL104423,2025-03-11,2025-03-16,20,18401.45,555-8247,Fulton Collision,310,honest
CLM50658,POL104424,2025-07-10,2025-07-13,21,2500.77,555-7525,Union Collision,84,honest
CLM50659,POL104440,2025-08-30,2025-09-01,15,3006.91,555-5984,Harbor Collision,467,honest
CLM50660,POL104443,2025-08-20,2025-08-21,14,5547.36,555-3927,Union Collision,577,honest
CLM50661,POL104454,2025-05-20,2025-05-21,23,12956.0,555-0105,Shop F Auto Body,46,ring
CLM50662,POL104469,2025-06-22,2025-06-23,10,2179.48,555-6761,Maple Collision,151,honest
CLM50663,POL104474,2025-03-09,2025-03-13,7,3487.58,555-6091,Grand Collision,276,honest
CLM50664,POL104475,2025-09-25,2025-09-26,16,7218.21,555-8598,Union Collision,475,honest
CLM50665,POL104480,2025-04-15,2025-04-18,18,4156.07,555-6272,Summit Collision,458,honest
CLM50666,POL104490,2025-03-28,2025-03-31,17,2826.99,555-6924,Sunrise Collision,289,honest
CLM50667,POL104499,2025-04-29,2025-04-29,14,5130.64,555-8017,Grand Collision,212,honest
CLM50668,POL104508,2025-04-08,2025-04-11,6,5409.04,555-8670,Bergen Collision,77,honest
CLM50669,POL104516,2025-08-06,2025-08-07,8,5017.89,555-4942,Summit Collision,458,honest
CLM50670,POL104517,2025-10-09,2025-10-09,10,7933.86,555-6786,Fulton Collision,138,honest
CLM50671,POL104522,2025-08-10,2025-08-15,19,8246.42,555-4985,Grand Collision,562,honest
CLM50672,POL104526,2025-06-23,2025-06-27,20,8164.63,555-5990,Harbor Collision,48,honest
CLM50673,POL104527,2025-06-11,2025-06-14,8,3293.24,555-2314,Bergen Collision,81,honest
CLM50674,POL104536,2024-07-07,2024-07-08,13,2258.86,555-9261,Harbor Collision,182,honest
CLM50675,POL104539,2025-08-23,2025-08-26,13,3583.56,555-8685,Union Collision,381,honest
CLM50676,POL104541,2025-02-03,2025-02-06,12,2365.98,555-8041,Fulton Collision,183,honest
CLM50677,POL104542,2025-09-28,2025-10-01,19,5035.6,555-5926,Bergen Collision,350,honest
CLM50678,POL104549,2025-09-08,2025-09-11,11,5842.62,555-5238,Harbor Collision,190,honest
CLM50679,POL104557,2025-03-31,2025-04-03,8,7240.66,555-5487,Astor Collision,408,honest
CLM50680,POL104563,2025-02-20,2025-02-23,7,5183.17,555-8319,Harbor Collision,121,honest
CLM50681,POL104569,2025-12-19,2025-12-24,15,15378.18,555-5574,Sunrise Collision,572,honest
CLM50682,POL104576,2024-09-21,2024-09-23,8,5991.36,555-8822,Astor Collision,178,honest
CLM50683,POL104582,2025-04-30,2025-05-05,13,6989.21,555-3338,Bergen Collision,86,honest
CLM50684,POL104584,2025-08-16,2025-08-19,15,9071.14,555-8464,Harbor Collision,182,honest
CLM50685,POL104588,2025-12-19,2025-12-21,7,6975.61,555-6334,Fulton Collision,664,honest
CLM50686,POL104608,2024-10-27,2024-10-28,22,2652.02,555-9493,Fulton Collision,144,honest
CLM50687,POL104614,2025-12-21,2025-12-26,6,9820.55,555-6444,Union Collision,621,honest
CLM50688,POL104616,2025-09-18,2025-09-22,10,42641.22,555-9466,Maple Collision,168,honest
CLM50689,POL104627,2025-09-01,2025-09-06,7,5749.29,555-7713,Pioneer Collision,197,honest
CLM50690,POL104634,2025-03-20,2025-03-25,13,1502.13,555-7315,Harbor Collision,175,honest
CLM50691,POL104637,2025-04-28,2025-05-01,9,10735.04,555-5066,Union Collision,143,honest
CLM50692,POL104644,2025-07-16,2025-07-16,13,7015.05,555-8779,Pioneer Collision,484,inflated
CLM50693,POL104646,2025-08-18,2025-08-21,6,3562.82,555-7570,Sunrise Collision,484,honest
CLM50694,POL104654,2025-07-08,2025-07-12,16,4244.15,555-4451,Maple Collision,540,honest
CLM50695,POL104657,2024-12-04,2024-12-09,18,4878.47,555-7702,Astor Collision,259,honest
CLM50696,POL104663,2025-02-12,2025-02-17,22,1987.15,555-2266,Grand Collision,93,honest
CLM50697,POL104667,2024-05-05,2024-05-10,18,5894.43,555-5614,Summit Collision,57,honest
CLM50698,POL104668,2025-10-31,2025-11-05,21,3331.06,555-9140,Summit Collision,156,honest
CLM50699,POL104671,2025-07-13,2025-07-13,7,6892.59,555-3863,Sunrise Collision,37,honest
CLM50700,POL104672,2025-08-01,2025-08-04,13,7926.01,555-6510,Maple Collision,503,inflated
CLM50701,POL104674,2025-08-11,2025-08-14,21,6563.83,555-4770,Grand Collision,348,honest
CLM50702,POL104684,2024-12-28,2025-01-01,16,4720.8,555-4466,Harbor Collision,161,honest
CLM50703,POL104692,2024-06-04,2024-06-05,17,1347.45,555-7879,Pioneer Collision,49,honest
CLM50704,POL104698,2025-11-02,2025-11-07,12,4868.49,555-9105,Fulton Collision,186,honest
CLM50705,POL104701,2025-11-28,2025-12-03,8,4566.17,555-4864,Union Collision,554,honest
CLM50706,POL104702,2025-09-03,2025-09-05,20,3603.38,555-8367,Sunrise Collision,81,honest
CLM50707,POL104706,2025-05-27,2025-05-30,22,7315.34,555-9547,Pioneer Collision,267,honest
CLM50708,POL104709,2025-02-11,2025-02-16,17,6720.28,555-4680,Pioneer Collision,384,honest
CLM50709,POL104716,2025-02-17,2025-02-18,16,7315.72,555-3350,Union Collision,119,honest
CLM50710,POL104724,2025-06-03,2025-06-04,22,16684.47,555-2037,Union Collision,178,honest
CLM50711,POL104741,2025-12-24,2025-12-25,13,2832.75,555-2269,Union Collision,255,honest
CLM50712,POL104742,2025-11-01,2025-11-03,10,3759.93,555-2139,Harbor Collision,368,honest
CLM50713,POL104743,2025-08-30,2025-09-03,8,3664.22,555-4257,Bergen Collision,200,honest
CLM50714,POL104747,2025-01-17,2025-01-22,8,8241.02,555-4893,Fulton Collision,115,honest
CLM50715,POL104757,2024-10-11,2024-10-15,16,4791.96,555-2158,Grand Collision,282,honest
CLM50716,POL104759,2025-10-15,2025-10-17,19,4222.56,555-9302,Sunrise Collision,500,honest
CLM50717,POL104764,2025-10-14,2025-10-15,13,7637.65,555-8992,Grand Collision,469,honest
CLM50718,POL104765,2025-11-18,2025-11-23,21,3417.19,555-9096,Harbor Collision,247,honest
CLM50719,POL104766,2025-04-15,2025-04-16,12,7946.8,555-8973,Pioneer Collision,125,honest
CLM50720,POL104778,2025-03-11,2025-03-13,14,26838.31,555-7281,Bergen Collision,45,honest
CLM50721,POL104785,2025-09-22,2025-09-23,8,6765.17,555-7653,Harbor Collision,93,honest
CLM50722,POL104795,2025-03-12,2025-03-17,8,1427.93,555-2152,Astor Collision,113,honest
CLM50723,POL104797,2025-07-27,2025-07-29,8,3864.44,555-2232,Summit Collision,138,honest
CLM50724,POL104798,2024-11-22,2024-11-27,16,3830.57,555-8783,Sunrise Collision,162,honest
CLM50725,POL104804,2025-11-15,2025-11-17,11,5040.57,555-8879,Grand Collision,302,honest
CLM50726,POL104806,2025-11-26,2025-11-26,15,2460.97,555-8152,Union Collision,663,honest
CLM50727,POL104818,2025-01-07,2025-01-12,15,4766.76,555-5879,Fulton Collision,100,honest
CLM50728,POL104823,2025-04-04,2025-04-08,9,3300.26,555-6725,Pioneer Collision,16,honest
CLM50729,POL104824,2025-01-12,2025-01-15,11,5651.29,555-6679,Astor Collision,42,inflated
CLM50730,POL104825,2024-10-07,2024-10-08,15,4033.58,555-5094,Bergen Collision,98,honest
CLM50731,POL104826,2025-08-14,2025-08-17,18,5862.99,555-8910,Maple Collision,301,honest
CLM50732,POL104841,2025-06-01,2025-06-05,7,6384.8,555-4581,Astor Collision,209,inflated
CLM50733,POL104848,2025-04-16,2025-04-20,6,3925.64,555-9347,Summit Collision,363,honest
CLM50734,POL104851,2025-05-28,2025-06-02,8,26222.99,555-3476,Astor Collision,10,honest
CLM50735,POL104856,2025-06-02,2025-06-07,15,988.56,555-9193,Bergen Collision,187,honest
CLM50736,POL104863,2025-12-08,2025-12-08,19,3227.65,555-5229,Grand Collision,366,honest
CLM50737,POL104867,2025-03-01,2025-03-03,10,2132.95,555-2673,Sunrise Collision,273,honest
CLM50738,POL104898,2025-02-15,2025-02-19,11,5374.59,555-3452,Bergen Collision,384,honest
CLM50739,POL104910,2025-07-31,2025-08-03,15,6028.54,555-5377,Pioneer Collision,389,honest
CLM50740,POL104912,2025-03-10,2025-03-10,6,4937.64,555-4517,Fulton Collision,270,honest
CLM50741,POL104917,2024-12-17,2024-12-18,22,2442.84,555-7950,Summit Collision,254,honest
CLM50742,POL104918,2025-05-14,2025-05-19,6,9200.34,555-3560,Astor Collision,9,honest
CLM50743,POL104932,2025-08-26,2025-08-28,22,9488.99,555-6322,Pioneer Collision,219,honest
CLM50744,POL104933,2024-12-27,2024-12-27,9,2411.91,555-5908,Summit Collision,203,honest
CLM50745,POL104940,2025-09-01,2025-09-05,22,1376.71,555-8894,Sunrise Collision,298,honest
CLM50746,POL104943,2025-11-22,2025-11-27,16,3818.58,555-2639,Pioneer Collision,321,honest
CLM50747,POL104946,2025-09-07,2025-09-10,6,5651.23,555-9428,Fulton Collision,134,honest
CLM50748,POL104952,2024-11-10,2024-11-11,16,6676.61,555-2379,Bergen Collision,40,honest
CLM50749,POL104959,2025-03-18,2025-03-21,12,4356.41,555-4712,Summit Collision,301,honest
CLM50750,POL104968,2025-03-16,2025-03-21,13,2392.69,555-6137,Harbor Collision,162,honest
CLM50751,POL104970,2025-12-24,2025-12-26,21,4101.48,555-3776,Pioneer Collision,397,inflated
CLM50752,POL104975,2025-08-15,2025-08-17,18,13878.01,555-2144,Sunrise Collision,200,honest
CLM50753,POL104980,2025-07-21,2025-07-22,14,4008.3,555-3277,Astor Collision,44,honest
CLM50754,POL104994,2025-03-14,2025-03-16,6,1614.97,555-8553,Sunrise Collision,249,honest
CLM50755,POL105014,2025-02-06,2025-02-09,14,4769.13,555-5850,Union Collision,189,honest
CLM50756,POL105023,2025-08-01,2025-08-05,14,1697.12,555-2911,Maple Collision,402,honest
CLM50757,POL105040,2024-10-25,2024-10-25,14,3208.94,555-8113,Bergen Collision,286,honest
CLM50758,POL105046,2025-11-11,2025-11-15,21,6477.71,555-7571,Bergen Collision,448,honest
CLM50759,POL105051,2025-01-23,2025-01-24,1,17938.04,555-0103,Shop D Auto Body,42,ring
CLM50760,POL105058,2025-11-24,2025-11-25,19,7759.22,555-4708,Pioneer Collision,659,honest
CLM50761,POL105062,2025-03-17,2025-03-17,2,8963.82,555-0100,Shop A Auto Body,42,ring
CLM50762,POL105063,2025-06-01,2025-06-02,17,1364.17,555-2321,Sunrise Collision,145,honest
CLM50763,POL105081,2025-07-16,2025-07-19,16,13162.02,555-7673,Summit Collision,142,honest
CLM50764,POL105085,2025-07-22,2025-07-24,19,2203.54,555-2905,Harbor Collision,470,honest
CLM50765,POL105087,2025-05-08,2025-05-13,16,1248.85,555-6336,Harbor Collision,249,honest
CLM50766,POL105095,2025-12-06,2025-12-08,9,4933.73,555-5589,Grand Collision,520,honest
CLM50767,POL105108,2025-09-20,2025-09-25,18,4804.18,555-9290,Bergen Collision,299,honest
CLM50768,POL105110,2025-08-27,2025-08-30,10,7415.92,555-3089,Sunrise Collision,65,inflated
CLM50769,POL105123,2025-02-24,2025-02-24,8,1316.66,555-6556,Maple Collision,275,honest
CLM50770,POL105146,2025-04-11,2025-04-16,16,1153.2,555-6545,Pioneer Collision,229,honest
CLM50771,POL105149,2024-11-03,2024-11-08,8,6297.92,555-4507,Union Collision,249,honest
CLM50772,POL105153,2025-09-09,2025-09-14,14,4235.4,555-4966,Bergen Collision,410,honest
CLM50773,POL105154,2025-10-22,2025-10-22,7,23513.63,555-9600,Maple Collision,407,honest
CLM50774,POL105167,2025-03-02,2025-03-05,22,4476.58,555-8851,Harbor Collision,365,honest
CLM50775,POL105179,2025-04-20,2025-04-23,13,4762.11,555-8411,Grand Collision,130,honest
CLM50776,POL105187,2025-08-15,2025-08-18,14,15535.07,555-3028,Pioneer Collision,66,honest
CLM50777,POL105203,2024-12-11,2024-12-12,12,3607.75,555-5665,Union Collision,37,honest
CLM50778,POL105212,2025-06-06,2025-06-06,6,5596.97,555-9294,Union Collision,42,honest
CLM50779,POL105227,2025-05-13,2025-05-16,19,4778.38,555-2267,Fulton Collision,427,honest
CLM50780,POL105247,2025-02-25,2025-02-26,16,1714.9,555-3700,Astor Collision,89,honest
CLM50781,POL105248,2025-12-20,2025-12-23,20,21586.69,555-2723,Union Collision,711,honest
CLM50782,POL105249,2024-10-23,2024-10-24,7,15382.18,555-3118,Bergen Collision,284,honest
CLM50783,POL105270,2025-07-22,2025-07-27,7,2347.05,555-9410,Pioneer Collision,111,honest
CLM50784,POL105275,2025-11-03,2025-11-03,18,1935.84,555-6241,Pioneer Collision,387,honest
CLM50785,POL105277,2025-08-25,2025-08-28,22,5460.14,555-6288,Union Collision,249,honest
CLM50786,POL105280,2025-12-08,2025-12-11,19,12832.36,555-2133,Astor Collision,541,honest
CLM50787,POL105297,2025-09-10,2025-09-13,8,2561.77,555-8396,Grand Collision,551,honest
CLM50788,POL105298,2025-06-15,2025-06-20,16,5598.81,555-4945,Harbor Collision,327,honest
CLM50789,POL105301,2025-10-23,2025-10-26,11,3263.38,555-8908,Fulton Collision,118,honest
CLM50790,POL105302,2025-11-18,2025-11-21,11,11107.2,555-4828,Grand Collision,513,honest
CLM50791,POL105309,2024-02-01,2024-02-02,2,11948.77,555-0103,Shop D Auto Body,31,ring
CLM50792,POL105315,2025-02-02,2025-02-03,21,6047.47,555-6936,Fulton Collision,214,honest
CLM50793,POL105320,2025-11-15,2025-11-18,11,2204.73,555-8070,Union Collision,154,honest
CLM50794,POL105325,2025-01-29,2025-01-29,21,8058.96,555-4824,Bergen Collision,157,honest
CLM50795,POL105327,2025-11-10,2025-11-14,9,5070.06,555-6313,Bergen Collision,265,honest
CLM50796,POL105328,2024-12-31,2025-01-02,21,3392.18,555-7278,Astor Collision,301,honest
CLM50797,POL105339,2025-05-30,2025-05-30,7,3208.11,555-6052,Maple Collision,130,honest
CLM50798,POL105344,2025-09-20,2025-09-21,10,5119.11,555-7443,Astor Collision,606,honest
CLM50799,POL105348,2025-05-22,2025-05-23,22,7253.17,555-3128,Astor Collision,410,inflated
CLM50800,POL105355,2025-02-20,2025-02-23,11,5207.03,555-2921,Astor Collision,145,honest
CLM50801,POL105361,2024-09-19,2024-09-19,10,9199.28,555-9074,Maple Collision,40,honest
CLM50802,POL105366,2025-06-29,2025-07-03,17,2378.78,555-7519,Union Collision,319,honest
CLM50803,POL105372,2025-08-06,2025-08-10,17,4456.86,555-7612,Harbor Collision,288,honest
CLM50804,POL105375,2025-10-10,2025-10-12,9,1726.33,555-6806,Union Collision,129,honest
CLM50805,POL105384,2025-09-14,2025-09-18,16,2038.3,555-7658,Pioneer Collision,313,honest
CLM50806,POL105389,2025-04-01,2025-04-04,10,3691.23,555-7799,Astor Collision,371,honest
CLM50807,POL105401,2025-09-18,2025-09-20,8,4862.24,555-8912,Summit Collision,239,honest
CLM50808,POL105409,2024-10-18,2024-10-23,7,5936.81,555-4493,Summit Collision,1,honest
CLM50809,POL105419,2024-10-08,2024-10-13,21,7955.72,555-8766,Harbor Collision,179,honest
CLM50810,POL105443,2025-02-27,2025-03-02,15,3321.35,555-2568,Fulton Collision,48,honest
CLM50811,POL105448,2025-06-16,2025-06-17,18,2015.92,555-9506,Pioneer Collision,222,honest
CLM50812,POL105452,2025-01-27,2025-01-31,22,3180.15,555-9177,Grand Collision,59,inflated
CLM50813,POL105454,2025-09-22,2025-09-25,17,5552.89,555-7251,Sunrise Collision,205,honest
CLM50814,POL105455,2024-10-17,2024-10-19,10,3020.08,555-9675,Astor Collision,42,honest
CLM50815,POL105457,2025-12-27,2025-12-29,13,4404.2,555-6117,Harbor Collision,559,honest
CLM50816,POL105461,2024-10-31,2024-11-03,14,14645.01,555-3789,Bergen Collision,65,honest
CLM50817,POL105479,2025-05-11,2025-05-12,22,7897.74,555-4384,Fulton Collision,216,inflated
CLM50818,POL105480,2025-06-30,2025-06-30,14,5342.79,555-8062,Sunrise Collision,121,honest
CLM50819,POL105488,2024-07-31,2024-08-01,19,7901.39,555-9175,Fulton Collision,131,honest
CLM50820,POL105490,2025-01-10,2025-01-10,17,1618.85,555-9460,Harbor Collision,87,honest
CLM50821,POL105508,2024-06-05,2024-06-05,7,5780.15,555-8207,Summit Collision,106,honest
CLM50822,POL105514,2025-12-27,2025-12-30,7,3009.08,555-2805,Astor Collision,434,honest
CLM50823,POL105516,2024-01-28,2024-01-31,13,7646.67,555-3116,Sunrise Collision,19,inflated
CLM50824,POL105519,2025-11-17,2025-11-19,18,3356.78,555-4250,Pioneer Collision,140,honest
CLM50825,POL105520,2025-01-17,2025-01-17,16,9623.99,555-7682,Pioneer Collision,57,honest
CLM50826,POL105521,2025-05-24,2025-05-24,15,3676.19,555-7922,Union Collision,472,honest
CLM50827,POL105524,2025-04-05,2025-04-05,18,2683.62,555-5960,Maple Collision,320,honest
CLM50828,POL105529,2025-01-07,2025-01-11,16,2262.69,555-8544,Sunrise Collision,272,honest
CLM50829,POL105541,2024-11-15,2024-11-19,14,6791.85,555-2572,Astor Collision,84,honest
CLM50830,POL105543,2025-06-25,2025-06-28,11,5731.95,555-6304,Bergen Collision,180,honest
CLM50831,POL105551,2024-06-02,2024-06-04,10,2593.44,555-4624,Union Collision,56,honest
CLM50832,POL105552,2025-02-05,2025-02-09,8,2133.85,555-6314,Sunrise Collision,220,honest
CLM50833,POL105557,2025-12-26,2025-12-26,12,3460.54,555-7042,Union Collision,183,honest
CLM50834,POL105564,2025-03-20,2025-03-21,7,5057.34,555-9492,Sunrise Collision,182,honest
CLM50835,POL105587,2024-05-27,2024-06-01,9,3012.48,555-6395,Grand Collision,12,honest
CLM50836,POL105588,2024-07-21,2024-07-26,22,4052.07,555-7256,Union Collision,19,honest
CLM50837,POL105590,2024-07-15,2024-07-16,17,3171.46,555-4462,Astor Collision,108,honest
CLM50838,POL105600,2025-10-20,2025-10-21,11,12447.73,555-6410,Fulton Collision,360,honest
CLM50839,POL105601,2024-09-29,2024-10-03,13,625.4,555-8118,Maple Collision,13,honest
CLM50840,POL105605,2025-12-17,2025-12-18,20,5676.39,555-2494,Union Collision,416,honest
CLM50841,POL105616,2025-08-25,2025-08-25,19,2948.09,555-7000,Summit Collision,124,honest
CLM50842,POL105634,2024-12-21,2024-12-24,22,3267.58,555-8091,Bergen Collision,4,honest
CLM50843,POL105639,2025-06-19,2025-06-20,20,17736.21,555-3850,Union Collision,3,honest
CLM50844,POL105641,2025-09-27,2025-09-27,9,10364.15,555-9087,Maple Collision,146,honest
CLM50845,POL105647,2025-03-24,2025-03-28,6,3136.05,555-2333,Fulton Collision,5,honest
CLM50846,POL105665,2025-05-10,2025-05-15,15,6261.56,555-5837,Pioneer Collision,28,honest
CLM50847,POL105667,2025-08-19,2025-08-19,12,5632.89,555-8742,Sunrise Collision,86,honest
CLM50848,POL105680,2025-04-19,2025-04-19,12,11591.37,555-7747,Bergen Collision,5,honest
CLM50849,POL105691,2025-05-15,2025-05-16,20,6497.5,555-7193,Harbor Collision,43,honest
CLM50850,POL105701,2025-06-21,2025-06-26,11,6322.45,555-6111,Union Collision,137,honest
CLM50851,POL105702,2025-01-03,2025-01-06,15,11066.87,555-7095,Pioneer Collision,60,honest
CLM50852,POL105706,2024-07-17,2024-07-19,22,2858.84,555-8415,Astor Collision,157,honest
CLM50853,POL105707,2025-06-28,2025-06-29,16,3818.25,555-8218,Pioneer Collision,361,honest
CLM50854,POL105710,2024-11-06,2024-11-08,9,4685.4,555-5237,Grand Collision,192,honest
CLM50855,POL105715,2025-07-24,2025-07-26,11,18922.94,555-4760,Fulton Collision,246,honest
CLM50856,POL105723,2025-05-05,2025-05-06,8,1670.66,555-8311,Fulton Collision,319,honest
CLM50857,POL105727,2025-08-24,2025-08-24,16,5574.33,555-9923,Astor Collision,180,honest
CLM50858,POL105732,2025-08-19,2025-08-22,13,9279.12,555-8331,Astor Collision,176,inflated
CLM50859,POL105735,2024-12-25,2024-12-28,19,1611.42,555-5807,Harbor Collision,30,honest
CLM50860,POL105736,2025-11-18,2025-11-21,10,5328.37,555-5297,Bergen Collision,281,honest
CLM50861,POL105743,2025-12-15,2025-12-18,14,3792.72,555-6961,Pioneer Collision,307,honest
CLM50862,POL105748,2024-09-10,2024-09-13,8,4127.41,555-9418,Fulton Collision,28,honest
CLM50863,POL105749,2025-02-20,2025-02-23,10,6929.72,555-6940,Union Collision,277,honest
CLM50864,POL105751,2025-06-19,2025-06-19,22,3454.44,555-8782,Astor Collision,280,honest
CLM50865,POL105761,2024-11-15,2024-11-16,12,11958.55,555-6686,Pioneer Collision,124,honest
CLM50866,POL105770,2024-07-22,2024-07-23,8,14098.38,555-6290,Union Collision,122,honest
CLM50867,POL105776,2025-03-10,2025-03-13,22,5146.12,555-3850,Bergen Collision,168,honest
CLM50868,POL105797,2025-11-23,2025-11-27,20,3330.44,555-2607,Fulton Collision,215,honest
CLM50869,POL105799,2025-08-05,2025-08-07,8,10949.54,555-8047,Summit Collision,472,honest
CLM50870,POL105802,2025-12-02,2025-12-02,8,15448.33,555-9881,Maple Collision,178,honest
CLM50871,POL105808,2025-07-26,2025-07-26,6,1856.68,555-3481,Bergen Collision,183,honest
CLM50872,POL105814,2025-08-12,2025-08-17,21,15452.35,555-2822,Summit Collision,379,inflated
CLM50873,POL105833,2024-03-04,2024-03-05,12,12561.53,555-7555,Summit Collision,33,honest
CLM50874,POL105841,2025-06-13,2025-06-13,19,3881.5,555-3461,Harbor Collision,173,honest
CLM50875,POL105845,2025-10-08,2025-10-09,9,5890.62,555-3827,Sunrise Collision,402,inflated
CLM50876,POL105856,2025-03-23,2025-03-26,6,3927.62,555-4335,Harbor Collision,371,honest
CLM50877,POL105857,2025-02-23,2025-02-25,19,1186.98,555-9636,Sunrise Collision,168,honest
CLM50878,POL105861,2025-10-29,2025-11-03,12,1019.4,555-2891,Pioneer Collision,566,honest
CLM50879,POL105871,2025-02-18,2025-02-21,17,5397.61,555-3518,Sunrise Collision,35,honest
CLM50880,POL105883,2024-05-20,2024-05-23,20,5209.13,555-5873,Sunrise Collision,77,honest
CLM50881,POL105885,2025-08-09,2025-08-12,12,4502.35,555-5423,Harbor Collision,251,honest
CLM50882,POL105889,2024-07-25,2024-07-30,14,4637.78,555-6367,Astor Collision,23,honest
CLM50883,POL105894,2024-09-01,2024-09-06,19,1035.42,555-4894,Union Collision,239,honest
CLM50884,POL105896,2025-09-22,2025-09-25,11,5938.83,555-7761,Bergen Collision,140,honest
CLM50885,POL105906,2025-05-05,2025-05-08,18,6725.68,555-3809,Summit Collision,64,honest
CLM50886,POL105913,2025-05-29,2025-05-29,7,1192.63,555-8412,Sunrise Collision,67,honest
CLM50887,POL105914,2024-07-04,2024-07-04,9,2125.7,555-4962,Fulton Collision,70,honest
CLM50888,POL105915,2025-04-17,2025-04-18,21,24725.45,555-2876,Harbor Collision,79,inflated
CLM50889,POL105917,2025-07-19,2025-07-19,22,3020.66,555-5209,Pioneer Collision,114,honest
CLM50890,POL105920,2025-08-13,2025-08-14,17,1476.55,555-5277,Union Collision,172,honest
CLM50891,POL105925,2024-03-29,2024-03-30,1,10276.96,555-0104,Shop E Auto Body,27,ring
CLM50892,POL105954,2025-08-26,2025-08-29,6,1784.66,555-2705,Harbor Collision,103,honest
CLM50893,POL105967,2025-06-10,2025-06-10,18,16846.53,555-8296,Pioneer Collision,87,honest
CLM50894,POL105968,2025-05-30,2025-05-30,7,1483.86,555-8561,Summit Collision,5,honest
CLM50895,POL105985,2025-09-28,2025-09-30,12,28118.19,555-2150,Harbor Collision,340,honest
CLM50896,POL105991,2025-08-12,2025-08-14,18,8291.22,555-5768,Fulton Collision,290,honest
CLM50897,POL105996,2025-12-06,2025-12-09,9,17899.01,555-6822,Fulton Collision,515,honest
